Source,Element,Concentration (mg/L),Unnamed: 3,Unnamed: 4,Unnamed: 5,Unnamed: 6,Unnamed: 7,Unnamed: 8,Unnamed: 9,Unnamed: 10,Unnamed: 11,Unnamed: 12,Unnamed: 13,Unnamed: 14,Unnamed: 15,Unnamed: 16,Unnamed: 17,Unnamed: 18,Unnamed: 19,Unnamed: 20,Unnamed: 21,Unnamed: 22,Unnamed: 23,Unnamed: 24,Unnamed: 25,Unnamed: 26,Unnamed: 27,Unnamed: 28,Unnamed: 29,Unnamed: 30,Unnamed: 31,Unnamed: 32,Unnamed: 33,Unnamed: 34,Unnamed: 35,Unnamed: 36,Unnamed: 37,Unnamed: 38,Unnamed: 39,Unnamed: 40,Unnamed: 41,Unnamed: 42,Unnamed: 43,Unnamed: 44,Unnamed: 45,Unnamed: 46,Unnamed: 47,Unnamed: 48,Unnamed: 49,Unnamed: 50,Unnamed: 51,Unnamed: 52,Unnamed: 53,Unnamed: 54,Unnamed: 55,Unnamed: 56,Unnamed: 57,Unnamed: 58,Unnamed: 59,Unnamed: 60,Unnamed: 61,Unnamed: 62
https://doi.org/10.3390/w7041568,pH,7.98,7.06,6.54,,,,,,,,,,,,,,,,,,,,,,,,,,,,,,,,,,,,,,,,,,,,,,,,,,,,,,,,,,
https://doi.org/10.3390/w7041568,µS/cm,64.8,151.9,21.27,,,,,,,,,,,,,,,,,,,,,,,,,,,,,,,,,,,,,,,,,,,,,,,,,,,,,,,,,,
https://doi.org/10.3390/w7041568,TOC,200.0,7.0,8.6,,,,,,,,,,,,,,,,,,,,,,,,,,,,,,,,,,,,,,,,,,,,,,,,,,,,,,,,,,
https://doi.org/10.3390/w7041568,TDS,560.456,76633.711,12105.874,,,,,,,,,,,,,,,,,,,,,,,,,,,,,,,,,,,,,,,,,,,,,,,,,,,,,,,,,,
https://doi.org/10.3390/w7041568,TSS,,,,,,,,,,,,,,,,,,,,,,,,,,,,,,,,,,,,,,,,,,,,,,,,,,,,,,,,,,,,,
https://doi.org/10.3390/w7041568,Ba,3.48,15.4,8.9,,,,,,,,,,,,,,,,,,,,,,,,,,,,,,,,,,,,,,,,,,,,,,,,,,,,,,,,,,
https://doi.org/10.3390/w7041568,Be,0.266,0.151,0.234,,,,,,,,,,,,,,,,,,,,,,,,,,,,,,,,,,,,,,,,,,,,,,,,,,,,,,,,,,
https://doi.org/10.3390/w7041568,Co,2.46,3.04,4.14,,,,,,,,,,,,,,,,,,,,,,,,,,,,,,,,,,,,,,,,,,,,,,,,,,,,,,,,,,
https://doi.org/10.3390/w7041568,Cr,1.35,1.38,2.33,,,,,,,,,,,,,,,,,,,,,,,,,,,,,,,,,,,,,,,,,,,,,,,,,,,,,,,,,,
https://doi.org/10.3390/w7041568,Cu,6.47,7.9,8.56,,,,,,,,,,,,,,,,,,,,,,,,,,,,,,,,,,,,,,,,,,,,,,,,,,,,,,,,,,
https://doi.org/10.3390/w7041568,Fe,2.34,7.52,14.9,,,,,,,,,,,,,,,,,,,,,,,,,,,,,,,,,,,,,,,,,,,,,,,,,,,,,,,,,,
https://doi.org/10.3390/w7041568,Mo,2.13,2.2,5.06,,,,,,,,,,,,,,,,,,,,,,,,,,,,,,,,,,,,,,,,,,,,,,,,,,,,,,,,,,
https://doi.org/10.3390/w7041568,Ni,3.06,3.19,4.78,,,,,,,,,,,,,,,,,,,,,,,,,,,,,,,,,,,,,,,,,,,,,,,,,,,,,,,,,,
https://doi.org/10.3390/w7041568,Sr,78.9,418.0,16.0,,,,,,,,,,,,,,,,,,,,,,,,,,,,,,,,,,,,,,,,,,,,,,,,,,,,,,,,,,
https://doi.org/10.3390/w7041568,Ti,1.4,1.44,4.16,,,,,,,,,,,,,,,,,,,,,,,,,,,,,,,,,,,,,,,,,,,,,,,,,,,,,,,,,,
https://doi.org/10.3390/w7041568,V,3.44,4.4,4.51,,,,,,,,,,,,,,,,,,,,,,,,,,,,,,,,,,,,,,,,,,,,,,,,,,,,,,,,,,
https://doi.org/10.3390/w7041568,Zn,1.0,1.45,2.04,,,,,,,,,,,,,,,,,,,,,,,,,,,,,,,,,,,,,,,,,,,,,,,,,,,,,,,,,,
https://doi.org/10.3390/w7041568,Zr,7.16,6.64,8.76,,,,,,,,,,,,,,,,,,,,,,,,,,,,,,,,,,,,,,,,,,,,,,,,,,,,,,,,,,
https://doi.org/10.3390/w7041568,Br,,851.0,15.9,,,,,,,,,,,,,,,,,,,,,,,,,,,,,,,,,,,,,,,,,,,,,,,,,,,,,,,,,,
https://doi.org/10.3390/w7041568,Cl,,75100.0,9000.0,,,,,,,,,,,,,,,,,,,,,,,,,,,,,,,,,,,,,,,,,,,,,,,,,,,,,,,,,,
https://doi.org/10.3390/w7041568,F,,0.0,0.0,,,,,,,,,,,,,,,,,,,,,,,,,,,,,,,,,,,,,,,,,,,,,,,,,,,,,,,,,,
https://doi.org/10.3390/w7041568,SO4,,199.0,2600.0,,,,,,,,,,,,,,,,,,,,,,,,,,,,,,,,,,,,,,,,,,,,,,,,,,,,,,,,,,
doi:10.4028/www.scientific.net/AMR.581-582.962,pH,10.0,9.0,9.0,8.0,10.0,,,,,,,,,,,,,,,,,,,,,,,,,,,,,,,,,,,,,,,,,,,,,,,,,,,,,,,,
doi:10.4028/www.scientific.net/AMR.581-582.962,TOC,4364.0,3612.0,2408.0,1354.0,2859.0,,,,,,,,,,,,,,,,,,,,,,,,,,,,,,,,,,,,,,,,,,,,,,,,,,,,,,,,
doi:10.4028/www.scientific.net/AMR.581-582.962,TSS,13488.0,17179.0,12235.0,6457.0,19282.0,,,,,,,,,,,,,,,,,,,,,,,,,,,,,,,,,,,,,,,,,,,,,,,,,,,,,,,,
doi:10.4028/www.scientific.net/AMR.581-582.962,Cr,2.5,3.1,5.6,2.8,7.9,,,,,,,,,,,,,,,,,,,,,,,,,,,,,,,,,,,,,,,,,,,,,,,,,,,,,,,,
https://pubmed.ncbi.nlm.nih.gov/26140412/,CaCO3,,,,,77.0,143.0,73.0,148.0,262.0,76.0,82.0,,,,,,,,,,,,,,,,,,,,,,,,,,,,,,,,,,,,,,,,,,,,,,,,,,
https://pubmed.ncbi.nlm.nih.gov/26140412/,H+,,,,,310.0,26.0,250.0,180.0,260.0,220.0,240.0,290.0,200.0,310.0,320.0,280.0,2000.0,50.0,250.0,40.0,270.0,235.0,450.0,22.2,126.0,92.0,13.0,,,,,,,,,,,,,,,,,,,,,,,,,,,,,,,,,,
https://pubmed.ncbi.nlm.nih.gov/26140412/,CaCO3,,,,,497.0,1.0,365.0,8.0,72.0,1280.0,106.0,110.0,1700.0,160.0,11500.0,1125.0,26.0,73.8,568.0,568.0,238.0,250.0,342.0,181.0,182.0,302.0,137.0,121.0,101.0,278.0,255.0,440.0,178.0,554.0,65.0,110.0,146.0,281.0,942.0,136.0,,,,,,,,,,,,,,,,,,,,,
https://pubmed.ncbi.nlm.nih.gov/26140412/,Al,,,,0.17,3.83,0.61,3.6,0.0766,9.78,36.2,0.52,584.0,0.02,138.0,195.0,0.51,1.3,0.442,1.02,1.02,0.268,0.253,0.106,209.0,1.68,0.63,5.14,862.8,8.45,0.05,310.9,,,,,,,,,,,,,,,,,,,,,,,,,,,,,,
https://pubmed.ncbi.nlm.nih.gov/26140412/,TIN,,,,,84.1,120.0,57.0,120.0,81.0,100.0,110.0,110.0,130.0,120.0,110.0,150.0,170.0,29.56,4.2,119.0,50.4,7.84,43.0,42.5,97.0,170.0,199.0,29.7,29.7,35.7,12.4,0.15,17.6,19.5,7.4,89.0,5.35,13.6,1.95,126.0,166.0,95.0,0.12,15.2,257.86,87.7,82.3,17.57,51.94,74.1,106.0,24.3,47.53,28.15,37.83,18.2,71.37,,,,
https://pubmed.ncbi.nlm.nih.gov/26140412/,Sb,,,,0.013,0.014,0.103,,,,,,,,,,,,,,,,,,,,,,,,,,,,,,,,,,,,,,,,,,,,,,,,,,,,,,,
https://pubmed.ncbi.nlm.nih.gov/26140412/,As,,,,0.0091,0.0067,0.617,0.016,0.954,0.206,0.01,0.0944,0.0335,0.0335,0.009,0.0302,0.0142,0.663,0.0466,0.194,,,,,,,,,,,,,,,,,,,,,,,,,,,,,,,,,,,,,,,,,,
https://pubmed.ncbi.nlm.nih.gov/26140412/,Ba,,3.48,15.4,8.9,1.6,,,,,,,,,,,,,,,,,,,,,,,,,,,,,,,,,,,,,,,,,,,,,,,,,,,,,,,,
https://pubmed.ncbi.nlm.nih.gov/26140412/,Ba,,,,,2940.0,3220.0,11500.0,4170.0,4130.0,4930.0,2770.0,2810.0,4680.0,4180.0,4170.0,3850.0,2840.0,20.9,2270.0,9360.0,2660.0,2.7,0.193,29.5,0.069,1160.0,6700.0,21.2,159.0,0.55,4.0,67.7,21.9,21.5,5280.0,4798.6,3000.0,10.5,5.18,5.18,1350.0,1310.0,37.6,322.7,157.0,360.0,510.0,64.1,931.2,135.9,226.6,81.7,10.573,1200.0,26.7,0.386,2.996,0.546,20.36,2.293,4.098
https://pubmed.ncbi.nlm.nih.gov/26140412/,C7H6O,,,,,0.00067,,,,,,,,,,,,,,,,,,,,,,,,,,,,,,,,,,,,,,,,,,,,,,,,,,,,,,,,
https://pubmed.ncbi.nlm.nih.gov/26140412/,C6H6,,,,,0.0079,0.00849,0.46,0.0014,0.0013,0.0473,,,,,,,,,,,,,,,,,,,,,,,,,,,,,,,,,,,,,,,,,,,,,,,,,,,
https://pubmed.ncbi.nlm.nih.gov/26140412/,C7H6O2,,,,,0.14,,,,,,,,,,,,,,,,,,,,,,,,,,,,,,,,,,,,,,,,,,,,,,,,,,,,,,,,
https://pubmed.ncbi.nlm.nih.gov/26140412/,C7H8O,,,,,0.025,,,,,,,,,,,,,,,,,,,,,,,,,,,,,,,,,,,,,,,,,,,,,,,,,,,,,,,,
https://pubmed.ncbi.nlm.nih.gov/26140412/,Be,,0.266,0.151,0.234,0.0014,0.0465,0.0158,0.00035,0.072,0.014,,,,,,,,,,,,,,,,,,,,,,,,,,,,,,,,,,,,,,,,,,,,,,,,,,,
https://pubmed.ncbi.nlm.nih.gov/26140412/,TIC,,,,,182.0,,,,,,,,,,,,,,,,,,,,,,,,,,,,,,,,,,,,,,,,,,,,,,,,,,,,,,,,
https://pubmed.ncbi.nlm.nih.gov/26140412/,B,,,,0.14,9.31,2.32,8.7,8.8,8.26,7.35,8.08,7.28,7.07,7.09,6.38,6.92,0.46,2.28,4.36,2.37,0.13,0.58,11.6,0.81,1.73,2.82,0.02,1.0,7.76,5.2,12.8,15.1,0.362,0.362,14.8,7.8,6.75,17.0,22.4,13.9,33.4,13.0,25.5,2.7,7.2,8.11,7.0,1.28,0.74,0.224,0.552,1.08,0.359,0.412,,,,,,,
https://pubmed.ncbi.nlm.nih.gov/26140412/,Br,,851.0,15.9,,290.0,1440.0,436.0,1110.0,1130.0,1130.0,1040.0,1030.0,1100.0,898.0,1180.0,1290.0,1240.0,205.0,517.0,857.0,451.0,0.24,12.2,1980.0,822.0,5.0,96.4,31.2,25.0,1290.0,1900.0,1750.0,713.0,5.1,5.1,700.0,750.0,149.0,361.0,390.0,290.0,810.0,211.0,620.0,286.0,370.0,220.0,871.0,7.5,201.0,54.0,36.2,83.5,42.9,24.0,,,,,,
https://pubmed.ncbi.nlm.nih.gov/26140412/,Cd,,,,,0.007,0.0136,0.0013,0.0016,0.0228,0.014,,,,,,,,,,,,,,,,,,,,,,,,,,,,,,,,,,,,,,,,,,,,,,,,,,,
https://pubmed.ncbi.nlm.nih.gov/26140412/,Ca,,,,600.0,19800.0,8330.0,21700.0,17400.0,23300.0,19700.0,19800.0,24700.0,19300.0,26300.0,28300.0,25400.0,516.0,6140.0,16600.0,7630.0,599.0,16.8,54.675,31900.0,13600.0,95.1,1815.0,22.5,546.0,184.0,434.0,58.4,25500.0,24307.8,27900.0,11500.0,186.0,186.0,5550.0,7885.0,610.6,3123.8,3940.0,1420.0,8060.0,1772.2,6633.0,1247.1,1466.7,400.0,4859.5,1140.0,231.0,383.0,498.0,1125.0,628.0,1170.0,814.3,,
https://pubmed.ncbi.nlm.nih.gov/26140412/,TOC,,200.0,7.0,8.6,38.8,,,,,,,,,,,,,,,,,,,,,,,,,,,,,,,,,,,,,,,,,,,,,,,,,,,,,,,,
https://pubmed.ncbi.nlm.nih.gov/26140412/,COD,,,,,2490.0,15000.0,12000.0,21000.0,22000.0,24000.0,21000.0,27000.0,20000.0,10000.0,25000.0,26000.0,25000.0,947.0,202.0,3020.0,1170.0,1195.0,5030.0,11400.0,1170.0,1640.0,79.0,4350.0,875.0,800.0,1850.0,15000.0,8810.0,20000.0,3810.0,1420.0,1420.0,4400.0,6380.0,577.5,790.0,2850.0,162.0,5410.0,572.0,2555.0,540.0,959.2,858.0,777.5,3620.0,2520.0,5570.0,3620.0,3110.0,2210.0,1800.0,3020.0,,,
https://pubmed.ncbi.nlm.nih.gov/26140412/,Cl,,,,,42000.0,17500.0,44700.0,60500.0,37100.0,6900.0,104.0,171.0,54600.0,554.0,12900.0,27.3,7190.0,10120.0,6800.0,6220.0,89100.0,13200.0,13200.0,54900.0,76100.0,8766.9,25741.1,39500.0,20500.0,68300.0,17261.6,5992.9,16670.1,20444.4,8090.0,41955.0,25300.0,22800.0,4225.0,10250.0,9800.0,24250.0,10400.0,7800.0,,,,,,,,,,,,,,,,,
https://pubmed.ncbi.nlm.nih.gov/26140412/,Cr,1.35,1.38,2.33,0.34,0.0073,0.0579,0.0621,0.0973,0.0771,0.0739,0.058,0.0581,0.0515,0.0528,0.0542,0.01,0.48,0.34,0.01,1.79,0.0107,2.1,2.1,0.0703,0.0556,0.0128,1.27,1.27,0.155,0.0581,0.0094,0.535,0.147,1.79,0.083,0.56,,,,,,,,,,,,,,,,,,,,,,,,,
https://pubmed.ncbi.nlm.nih.gov/26140412/,Co,,2.46,3.04,4.14,0.06,0.03,0.583,0.0059,0.504,0.606,0.0508,0.0958,0.0374,1.69,0.338,,,,,,,,,,,,,,,,,,,,,,,,,,,,,,,,,,,,,,,,,,,,,,
https://pubmed.ncbi.nlm.nih.gov/26140412/,Cu,6.47,7.9,8.56,0.085,0.0449,0.04,0.0885,0.02,0.04,0.02,3.04,0.04,0.92,1.4,0.018,0.161,0.015,0.159,0.0109,3.07,0.02,3.06,0.056,0.487,,,,,,,,,,,,,,,,,,,,,,,,,,,,,,,,,,,,,
https://pubmed.ncbi.nlm.nih.gov/26140412/,CN,,,,0.02,0.11,0.075,,,,,,,,,,,,,,,,,,,,,,,,,,,,,,,,,,,,,,,,,,,,,,,,,,,,,,,
https://pubmed.ncbi.nlm.nih.gov/26140412/,C6H12O,,,,,0.0064,,,,,,,,,,,,,,,,,,,,,,,,,,,,,,,,,,,,,,,,,,,,,,,,,,,,,,,,
https://pubmed.ncbi.nlm.nih.gov/26140412/,C2H5OH,,,,,0.00763,,,,,,,,,,,,,,,,,,,,,,,,,,,,,,,,,,,,,,,,,,,,,,,,,,,,,,,,
https://pubmed.ncbi.nlm.nih.gov/26140412/,C8H10,,,,,0.00885,0.0117,,,,,,,,,,,,,,,,,,,,,,,,,,,,,,,,,,,,,,,,,,,,,,,,,,,,,,,
https://pubmed.ncbi.nlm.nih.gov/26140412/,C13H10,,,,,0.0034,,,,,,,,,,,,,,,,,,,,,,,,,,,,,,,,,,,,,,,,,,,,,,,,,,,,,,,,
https://pubmed.ncbi.nlm.nih.gov/26140412/,Ca/Mg,,,,,57200.0,23900.0,62100.0,51300.0,66500.0,57100.0,56400.0,69500.0,54900.0,73800.0,78800.0,71500.0,71300.0,78000.0,,,,,,,,,,,,,,,,,,,,,,,,,,,,,,,,,,,,,,,,,,,
https://pubmed.ncbi.nlm.nih.gov/26140412/,CaCO3,,,,,1400.0,16900.0,46000.0,20900.0,154.0,96400.0,60800.0,5700.0,52.0,1000.0,1250.0,70.0,210.0,68066.0,45000.0,580.0,580.0,1801.0,8973.0,4993.0,18930.0,3703.0,4341.0,14149.0,3400.0,640.0,1056.0,1468.0,4433.0,1711.0,4040.0,2620.0,,,,,,,,,,,,,,,,,,,,,,,,,
https://pubmed.ncbi.nlm.nih.gov/26140412/,CaCO3,,,,,11600.0,56.5,333.0,16100.0,27600.0,10800.0,4190.0,22500.0,1170.0,,,,,,,,,,,,,,,,,,,,,,,,,,,,,,,,,,,,,,,,,,,,,,,,
https://pubmed.ncbi.nlm.nih.gov/26140412/,Fe,,,90.3,18.3,30.0,87.5,82.3,72.3,64.9,84.3,82.4,36.2,93.5,116.0,90.3,0.53,27.6,74.5,30.7,26.0,0.054,127.0,81.7,7.67,10.7,2.19,1.6,1.9,95.8,72.6,112.0,30.8,0.491,0.491,130.0,134.0,1.0,8.9,15.0,13.0,29.3,4.1,22.5,3.6,8.4,11.2,7.3,0.262,0.1,0.01,0.5,0.39,0.07,,,,,,,,
https://pubmed.ncbi.nlm.nih.gov/26140412/,Fe,,2.34,7.52,14.9,37.4,94.0,27.4,108.0,112.0,81.6,114.0,86.6,82.5,96.5,94.7,107.0,104.0,4.24,35.2,77.2,43.2,35.0,0.0732,114.0,13.829,280.0,107.0,768.0,22.9,7.25,177.0,13.0,244.0,7.8,110.0,109.9,145.0,30.8,1.0,1.0,120.0,137.0,1.4,10.4,16.9,24.1,47.3,6.2,30.7,4.5,9.2,15.7,10.2,319.0,3.15,1.1,8.7,811.8,14.8,11.4,690.2
https://pubmed.ncbi.nlm.nih.gov/26140412/,C3H8O,,,,,0.0105,,,,,,,,,,,,,,,,,,,,,,,,,,,,,,,,,,,,,,,,,,,,,,,,,,,,,,,,
https://pubmed.ncbi.nlm.nih.gov/26140412/,Pb,,,,,0.0047,0.13,0.015,0.011,0.31,0.22,8.68,6.6,0.83,0.014,0.0145,0.0145,0.0044,0.0156,38.9,0.0262,0.105,0.234,,,,,,,,,,,,,,,,,,,,,,,,,,,,,,,,,,,,,,,
https://pubmed.ncbi.nlm.nih.gov/26140412/,Li,,,,,59.3,158.0,164.0,167.0,128.0,156.0,137.0,148.0,169.0,116.0,178.0,179.0,185.0,1.21,53.6,115.0,65.2,145.0,134.0,1.62,38.7,0.03,13.8,12.7,149.0,134.7,229.0,75.6,0.242,0.242,77.3,44.4,42.6,36.1,81.5,68.2,14.5,10.3,12.4,0.501,1.57,3.89,3.08,0.182,1.66,,,,,,,,,,,,
https://pubmed.ncbi.nlm.nih.gov/26140412/,Mg,,,,71.0,234.0,1910.0,745.0,1900.0,1910.0,2010.0,1920.0,1680.0,1910.0,1640.0,1980.0,2000.0,1940.0,27.6,384.0,1100.0,453.0,72.0,3.57,4.283,1940.0,1190.0,23.2,74.4,2.75,66.2,90.5,6.9,1850.0,1789.5,2010.0,1120.0,15.1,15.1,533.0,1069.0,67.2,284.9,234.0,152.0,587.0,137.8,575.0,143.1,164.7,41.5,489.3,0.961,11.3,24.0,55.0,394.4,35.0,272.0,142.5,,
https://pubmed.ncbi.nlm.nih.gov/26140412/,Mn,,,,51.0,4.02,7.28,2.99,15.0,9.18,11.0,9.2,10.3,12.6,11.8,15.4,17.0,20.5,3.11,2.81,8.19,2.89,51.0,0.0825,0.323,72.8,1.85,17.4,0.81,0.22,8.8,0.62,6.1,0.2,9.76,13.7,18.4,3.34,4.76,4.76,2.98,6.81,0.9,3.2,0.978,0.971,1.82,0.6,3.4,1.2,1.1,0.593,3.6,62.9,1.03,0.17,0.15,38.22,0.52,16.4,9.96,
https://pubmed.ncbi.nlm.nih.gov/26140412/,Hg,,,,,0.0124,0.005,0.0017,4.2e-05,4.2e-05,0.0012,0.0012,0.001,0.00019,,,,,,,,,,,,,,,,,,,,,,,,,,,,,,,,,,,,,,,,,,,,,,,,
https://pubmed.ncbi.nlm.nih.gov/26140412/,MBAS,,,,,0.0856,0.364,0.216,0.037,0.04,0.03,0.049,0.064,0.061,0.037,0.032,0.028,0.066,0.087,3.48,0.2,0.06,0.16,0.07,0.085,1.62,0.81,0.212,1.33,0.336,0.199,1.156,0.209,8.2,7.72,1.58,1.238,2730.0,1.27,,,,,,,,,,,,,,,,,,,,,,,
https://pubmed.ncbi.nlm.nih.gov/26140412/,Mo,,2.13,2.2,5.06,0.015,0.017,0.44,1.06,1.98,0.011,0.0279,0.0374,0.203,0.0089,0.0512,0.153,0.0794,0.515,0.122,,,,,,,,,,,,,,,,,,,,,,,,,,,,,,,,,,,,,,,,,,
https://pubmed.ncbi.nlm.nih.gov/26140412/,C10H8,,,,,0.00037,0.0194,,,,,,,,,,,,,,,,,,,,,,,,,,,,,,,,,,,,,,,,,,,,,,,,,,,,,,,
https://pubmed.ncbi.nlm.nih.gov/26140412/,Ni,3.06,3.19,4.78,0.08,0.0126,0.309,0.223,0.237,0.32,0.226,0.27,0.25,0.216,0.03,0.11,0.022,0.14,0.01,2.82,0.01,0.214,0.0239,0.0239,0.17,0.0271,0.67,0.0188,2.98,0.203,0.718,,,,,,,,,,,,,,,,,,,,,,,,,,,,,,,
https://pubmed.ncbi.nlm.nih.gov/26140412/,TIN,,247.0,4.0,397.0,0.15,0.23,0.14,0.19,0.32,0.96,0.29,0.13,0.22,0.42,0.38,0.15,0.21,0.13,0.32,0.31,0.89,0.87,0.2,0.28,2.93,4.24,27.8,32.0,24.3,2.5,,,,,,,,,,,,,,,,,,,,,,,,,,,,,,,
https://pubmed.ncbi.nlm.nih.gov/26140412/,O&G,,,,,48.6,7.0,63.0,5.4,19.0,7.0,75.3,63.9,19.5,19.5,0.53,9.8,3.02,36.0,,,,,,,,,,,,,,,,,,,,,,,,,,,,,,,,,,,,,,,,,,,
https://pubmed.ncbi.nlm.nih.gov/26140412/,C8H10,,,,,0.027,,,,,,,,,,,,,,,,,,,,,,,,,,,,,,,,,,,,,,,,,,,,,,,,,,,,,,,,
https://pubmed.ncbi.nlm.nih.gov/26140412/,pH,,7.98,7.06,6.54,6.1,6.7,6.0,6.1,6.0,6.1,6.0,5.9,6.2,6.1,6.0,5.8,6.8,5.4,5.2,5.4,6.19,6.1,5.6,11.42,5.8,6.41,10.2,7.29,6.97,8.28,7.35,7.21,7.42,7.86,6.3,5.54,6.1,6.2,7.1,7.1,6.6,6.4,7.67,7.06,7.0,7.3,6.8,7.05,6.68,7.26,6.95,7.4,6.7,7.7,6.52,9.6,9.5,7.75,7.51,10.1,
https://pubmed.ncbi.nlm.nih.gov/26140412/,C14H10,,,,,0.00032,0.0048,,,,,,,,,,,,,,,,,,,,,,,,,,,,,,,,,,,,,,,,,,,,,,,,,,,,,,,
https://pubmed.ncbi.nlm.nih.gov/26140412/,C6H5OH,,,,,0.00082,0.027,0.075,,,,,,,,,,,,,,,,,,,,,,,,,,,,,,,,,,,,,,,,,,,,,,,,,,,,,,
https://pubmed.ncbi.nlm.nih.gov/26140412/,Phenolics,0.045,0.024,0.024,39.0,0.0095,0.24,0.37,0.1,0.12,0.28,0.38,0.2,0.015,0.1,0.06,0.91,0.37,0.012,0.053,0.051,0.983,,,,,,,,,,,,,,,,,,,,,,,,,,,,,,,,,,,,,,,,
https://pubmed.ncbi.nlm.nih.gov/26140412/,P,,,0.977,640.0,1281.0,0.618,0.037,2695.0,4.3,8.566,,,,,,,,,,,,,,,,,,,,,,,,,,,,,,,,,,,,,,,,,,,,,,,,,,,
https://pubmed.ncbi.nlm.nih.gov/26140412/,K,,,,,152.0,590.0,752.0,133.0,442.0,28.6,0.1,1460.0,495.5,1.6,406.0,5030.0,,,,,,,,,,,,,,,,,,,,,,,,,,,,,,,,,,,,,,,,,,,,,
https://pubmed.ncbi.nlm.nih.gov/26140412/,Ra-226,,,,,271.0,454.72,192.31,216.99,189.95,236.79,255.62,153.53,198.17,146.92,1903.35,87.51,0.0672,0.22,892.0,561.7,1.28,152.2,11.01,9.96,4.1,2.68,321.94,1288.0,100.78,1042.0,1626.0,78.17,103.0,554.0,1037.0,35.86,228.9,66.83,67.2,1.73,11.5,8.93,2.13,11.5,,,,,,,,,,,,,,,,,
https://pubmed.ncbi.nlm.nih.gov/26140412/,Ra-226/Ra-228,,,,,763.0,,,,,,,,,,,,,,,,,,,,,,,,,,,,,,,,,,,,,,,,,,,,,,,,,,,,,,,,
https://pubmed.ncbi.nlm.nih.gov/26140412/,Ra-228,,,,,16.85,39.53,86.85,76.48,85.57,64.58,109.73,71.3,101.12,97.5,94.64,101.12,2.03,33.19,2589.0,648.0,8.89,42.46,40.15,18.78,33.05,105.8,188.64,298.0,350.0,23.08,32.1,5.46,515.0,2.74,56.48,1.4,7.45,1.43,13.3,5.68,0.283,13.6,,,,,,,,,,,,,,,,,,,
https://pubmed.ncbi.nlm.nih.gov/26140412/,Se,,,,,0.0652,0.0107,0.0043,0.0069,0.03,,,,,,,,,,,,,,,,,,,,,,,,,,,,,,,,,,,,,,,,,,,,,,,,,,,,
https://pubmed.ncbi.nlm.nih.gov/26140412/,Si,,,,,3.74,11.66,99.42,20.4,8.7,117.6,,,,,,,,,,,,,,,,,,,,,,,,,,,,,,,,,,,,,,,,,,,,,,,,,,,
https://pubmed.ncbi.nlm.nih.gov/26140412/,Ag,,,,,0.01,0.06,0.0325,0.12,0.0537,,,,,,,,,,,,,,,,,,,,,,,,,,,,,,,,,,,,,,,,,,,,,,,,,,,,
https://pubmed.ncbi.nlm.nih.gov/26140412/,Na,,,,,17900.0,14200.0,32500.0,16100.0,21400.0,19000.0,13200.0,11700.0,18200.0,29900.0,18800.0,18500.0,15800.0,12200.0,18400.0,74900.0,18300.0,49.7,243.91,73200.0,37400.0,824.0,4860.0,47.0,2570.0,2890.0,910.0,1930.0,22100.0,41166.0,13900.0,27900.0,8030.0,8030.0,34800.0,28600.0,5052.9,12070.0,21100.0,12900.0,36400.0,11378.0,43403.0,10825.0,12392.0,5860.0,22031.0,0.0192,13000.0,1783.0,4489.0,5152.0,16440.0,5042.0,24.03,,
https://pubmed.ncbi.nlm.nih.gov/26140412/,TSS,,,,,2880.0,500.0,3411.0,80.0,4.8,44.0,20.0,120.0,170.0,43.0,110.0,66.0,34.0,320.0,91.0,30.0,36.0,168.0,148.0,113.0,142.0,6.0,11.0,229.0,1020.0,28.0,17500.0,3450.0,10.0,180.0,85.0,91.0,13.2,13.2,44.0,147.0,20.0,129.0,504.0,248.0,639.0,57.0,250.0,17.0,296.0,188.0,101.0,0.0089,2.0,83.0,746.0,28895.0,427.0,215.0,344.0,,
https://pubmed.ncbi.nlm.nih.gov/26140412/,TDS,,,,,8480.0,7600.0,5560.0,5560.0,36100.0,86500.0,74600.0,15000.0,320.0,756.0,3070.0,23500.0,200.0,21700.0,21700.0,88500.0,16484.0,46460.0,24700.0,32500.0,47800.0,33700.0,45400.0,6460.0,893.0,33500.0,7550.0,14038.0,16342.0,43470.0,18884.0,25574.0,,,,,,,,,,,,,,,,,,,,,,,,,
https://pubmed.ncbi.nlm.nih.gov/26140412/,µS/cm,,,,,52600.0,98400.0,84900.0,428.0,1830.0,88888.0,3650.0,36200.0,420.0,16000.0,15310.0,85400.0,52300.0,45300.0,45300.0,23190.0,61509.0,45400.0,22800.0,43368.0,34782.0,51005.0,24000.0,95634.0,69400.0,13130.0,23634.0,27336.0,51510.0,26040.0,32946.0,,,,,,,,,,,,,,,,,,,,,,,,,,
https://pubmed.ncbi.nlm.nih.gov/26140412/,Sr,,78.9,418.0,16.0,909.0,10460.0,3150.0,6423.0,5532.0,6416.0,5862.0,5965.0,6592.0,4724.0,7173.0,7311.0,7827.0,20.8,1330.0,3410.0,1670.0,0.0632,0.47,4280.0,4910.0,15.5,248.0,0.21,10.2,45.6,5.8,16.5,11760.0,5358.0,7185.0,1170.0,5.2,4.665,956.0,830.0,63.2,739.0,750.0,239.0,1390.0,338.5,1042.2,164.7,213.3,58.1,775.7,91.0,5.17,14.22,40.8,26.99,59.14,15.87,20.14,,
https://pubmed.ncbi.nlm.nih.gov/26140412/,SO4,,199.0,2600.0,,1.92,663.0,14.3,187.0,31.2,61.4,240.0,115.0,115.0,34.0,13.5,9.0,22.0,11.0,18.4,25100.0,83.6,11.9,154.0,165.0,1660.0,18.9,249.0,,,,,,,,,,,,,,,,,,,,,,,,,,,,,,,,,,
https://pubmed.ncbi.nlm.nih.gov/26140412/,S,,,,,2.0,0.8,2.0,,,,,,,,,,,,,,,,,,,,,,,,,,,,,,,,,,,,,,,,,,,,,,,,,,,,,,
https://pubmed.ncbi.nlm.nih.gov/26140412/,Surfactants,,,,,0.084,0.207,0.216,0.29,0.1,0.34,25.5,83.4,55.1,15.9,,,,,,,,,,,,,,,,,,,,,,,,,,,,,,,,,,,,,,,,,,,,,,,
https://pubmed.ncbi.nlm.nih.gov/26140412/,°C,,,,,3.6,0.9,14.6,15.5,,,,,,,,,,,,,,,,,,,,,,,,,,,,,,,,,,,,,,,,,,,,,,,,,,,,,
https://pubmed.ncbi.nlm.nih.gov/26140412/,Th,,,,,0.00161,,,,,,,,,,,,,,,,,,,,,,,,,,,,,,,,,,,,,,,,,,,,,,,,,,,,,,,,
https://pubmed.ncbi.nlm.nih.gov/26140412/,Th-228,,,,,0.244,0.122,1.03,2.09,6.59,2.62,1.19,3.26,0.881,,,,,,,,,,,,,,,,,,,,,,,,,,,,,,,,,,,,,,,,,,,,,,,,
https://pubmed.ncbi.nlm.nih.gov/26140412/,Th-230,,,,,0.195,0.516,1.12,0.435,1.88,1.18,0.44,0.79,0.38,0.11,0.078,1.1,,,,,,,,,,,,,,,,,,,,,,,,,,,,,,,,,,,,,,,,,,,,,
https://pubmed.ncbi.nlm.nih.gov/26140412/,Th-232,,,,,0.284,0.057,0.829,0.063,0.05,0.03,0.1,0.08,0.116,0.098,,,,,,,,,,,,,,,,,,,,,,,,,,,,,,,,,,,,,,,,,,,,,,,
https://pubmed.ncbi.nlm.nih.gov/26140412/,C7H8,,,,,0.00284,0.0643,0.0128,0.8,0.0012,0.0016,0.502,0.0598,,,,,,,,,,,,,,,,,,,,,,,,,,,,,,,,,,,,,,,,,,,,,,,,,
https://pubmed.ncbi.nlm.nih.gov/26140412/,U,,,,,0.00101,0.0805,0.00161,0.000504,0.00162,0.000643,5.92,1.66,5.6,0.632,0.08,0.16,0.15,0.31,0.22,0.68,2.13,0.122,0.506,,,,,,,,,,,,,,,,,,,,,,,,,,,,,,,,,,,,,,
https://pubmed.ncbi.nlm.nih.gov/26140412/,V,,3.44,4.4,4.51,0.0407,,,,,,,,,,,,,,,,,,,,,,,,,,,,,,,,,,,,,,,,,,,,,,,,,,,,,,,,
https://pubmed.ncbi.nlm.nih.gov/26140412/,C8H10,,,,,0.114,0.0725,,,,,,,,,,,,,,,,,,,,,,,,,,,,,,,,,,,,,,,,,,,,,,,,,,,,,,,
https://pubmed.ncbi.nlm.nih.gov/26140412/,Zn,1.0,1.45,2.04,0.02,0.203,0.137,0.282,0.188,0.113,0.164,0.271,0.241,0.589,0.234,0.273,0.396,0.04,0.09,0.12,0.08,0.1,14.0,0.049,4.61,0.044,8.66,0.0323,0.049,0.025,1.9,0.078,0.223,0.0754,0.0756,0.0756,0.0355,0.041,0.0427,22.0,0.0025,7.58,0.594,1.42,,,,,,,,,,,,,,,,,,
https://pubmed.ncbi.nlm.nih.gov/26140412/,Zr,,7.16,6.64,8.76,,,,,,,,,,,,,,,,,,,,,,,,,,,,,,,,,,,,,,,,,,,,,,,,,,,,,,,,,
https://pubmed.ncbi.nlm.nih.gov/26140412/,Ti,,1.4,1.44,4.16,,,,,,,,,,,,,,,,,,,,,,,,,,,,,,,,,,,,,,,,,,,,,,,,,,,,,,,,,
