Source,Element,Concentration mg/L,Unnamed: 4,Unnamed: 5,Unnamed: 6,Unnamed: 7,Unnamed: 8
https://nepis.epa.gov/Exe/ZyPURL.cgi?Dockey=9100EI1H.TXT  P197,Cd,0.005,0.011,,,,
https://nepis.epa.gov/Exe/ZyPURL.cgi?Dockey=9100EI1H.TXT  P197,Cr,0.002,0.02,,,,
https://nepis.epa.gov/Exe/ZyPURL.cgi?Dockey=9100EI1H.TXT  P197,Cu,0.014,0.36,,,,
https://nepis.epa.gov/Exe/ZyPURL.cgi?Dockey=9100EI1H.TXT  P197,Fe,0.03,0.53,,,,
https://nepis.epa.gov/Exe/ZyPURL.cgi?Dockey=9100EI1H.TXT  P197,Pb,0.107,1.9,,,,
https://nepis.epa.gov/Exe/ZyPURL.cgi?Dockey=9100EI1H.TXT  P197,Mn,0.03,0.169,,,,
https://nepis.epa.gov/Exe/ZyPURL.cgi?Dockey=9100EI1H.TXT  P197,Hg,0.001,,,,,
https://nepis.epa.gov/Exe/ZyPURL.cgi?Dockey=9100EI1H.TXT  P197,Zn,0.12,0.46,,,,
https://nepis.epa.gov/Exe/ZyPURL.cgi?Dockey=9100EI1H.TXT  P280,pH,7.9,8.8,,,,
https://nepis.epa.gov/Exe/ZyPURL.cgi?Dockey=9100EI1H.TXT  P280,CaCO3,26.0,609.0,,,,
https://nepis.epa.gov/Exe/ZyPURL.cgi?Dockey=9100EI1H.TXT  P280,TDS,670.0,2834.0,,,,
https://nepis.epa.gov/Exe/ZyPURL.cgi?Dockey=9100EI1H.TXT  P280,COD,71.4,1535.0,,,,
https://nepis.epa.gov/Exe/ZyPURL.cgi?Dockey=9100EI1H.TXT  P280,P,0.042,0.15,0.108,0.876,0.54,2.54
https://nepis.epa.gov/Exe/ZyPURL.cgi?Dockey=9100EI1H.TXT  P280,NH3,0.05,14.0,0.064,26.4,0.32,185.0
https://nepis.epa.gov/Exe/ZyPURL.cgi?Dockey=9100EI1H.TXT  P280,Cd,0.005,0.011,<0.00013,0.0026,<0.00168,0.13
https://nepis.epa.gov/Exe/ZyPURL.cgi?Dockey=9100EI1H.TXT  P280,Cl,21.0,395.0,0.127,6.9,<0.900,32.2
https://nepis.epa.gov/Exe/ZyPURL.cgi?Dockey=9100EI1H.TXT  P280,Cr,0.02,0.67,0.089,17.2,0.62,86.0
https://nepis.epa.gov/Exe/ZyPURL.cgi?Dockey=9100EI1H.TXT  P280,Cu,0.02,0.36,<0.026,0.158,<0.18,1.96
https://nepis.epa.gov/Exe/ZyPURL.cgi?Dockey=9100EI1H.TXT  P280,CN,0.01,0.03,0.008,0.018,<0.18,8.85
https://nepis.epa.gov/Exe/ZyPURL.cgi?Dockey=9100EI1H.TXT  P280,F,0.13,0.26,<0.026,1.77,<0.18,1.36
https://nepis.epa.gov/Exe/ZyPURL.cgi?Dockey=9100EI1H.TXT  P280,Fe,0.05,0.53,<0.026,0.29,<0.45,10.0
https://nepis.epa.gov/Exe/ZyPURL.cgi?Dockey=9100EI1H.TXT  P280,Pb,0.1,1.9,0.064,1.16,0.012,0.198
https://nepis.epa.gov/Exe/ZyPURL.cgi?Dockey=9100EI1H.TXT  P280,Mn,0.02,0.08,<0.013,0.109,0.091,0.509
https://nepis.epa.gov/Exe/ZyPURL.cgi?Dockey=9100EI1H.TXT  P280,Hg,0.0001,0.1,130,1800.0,1260,33700.0
https://nepis.epa.gov/Exe/ZyPURL.cgi?Dockey=9100EI1H.TXT  P280,SO4,295.0,1825.0,20,870.0,210,4070.0
https://nepis.epa.gov/Exe/ZyPURL.cgi?Dockey=9100EI1H.TXT  P280,Zn,0.12,0.46,0.37,0.944,203,5.45
https://www.epa.gov/sites/default/files/2015-10/documents/nfmm_dd_1989_vol_1.pdf  P195,Cd,0.0008100000000000001,0.6379900000000001,0.17,1.178,,
https://www.epa.gov/sites/default/files/2015-10/documents/nfmm_dd_1989_vol_1.pdf  P195,CN,0.04,0.28291000000000005,0.18,0.59,,
https://www.epa.gov/sites/default/files/2015-10/documents/nfmm_dd_1989_vol_1.pdf  P195,Hg,0.0002,0.05163,0.0011,0.0222,,
https://www.epa.gov/sites/default/files/2015-10/documents/nfmm_dd_1989_vol_1.pdf  P195,Se,0.012,0.24237999999999998,0.2,0.52667,,
https://www.epa.gov/sites/default/files/2015-10/documents/nfmm_dd_1989_vol_1.pdf  P195,Tl,0.0017,0.089557,0.0081,0.1978,,
https://www.epa.gov/sites/default/files/2015-10/documents/nfmm_dd_1989_vol_1.pdf  P195,Fe,0.0019,0.057733,0.0285,0.15953,,
https://www.epa.gov/sites/default/files/2015-10/documents/nfmm_dd_1989_vol_1.pdf  P195,Sb,0.044700000000000004,1.725,0.167,1.359,,
https://www.epa.gov/sites/default/files/2015-10/documents/nfmm_dd_1989_vol_1.pdf  P195,Zn,0.098,74.137,5.6,266.4,,
https://www.epa.gov/sites/default/files/2015-10/documents/nfmm_dd_1989_vol_1.pdf  P195,Cr,0.02,4.6431000000000004,1.85,11.0,,
https://www.epa.gov/sites/default/files/2015-10/documents/nfmm_dd_1989_vol_1.pdf  P195,As,0.028,2.8534,0.8,8.1,,
https://www.epa.gov/sites/default/files/2015-10/documents/nfmm_dd_1989_vol_1.pdf  P195,Pb,0.1007,20.192,2.75,27.3,,
https://www.epa.gov/sites/default/files/2015-10/documents/nfmm_dd_1989_vol_1.pdf  P195,Ni,0.0728,3.7086,2,9.2,,
https://www.epa.gov/sites/default/files/2015-10/documents/nfmm_dd_1989_vol_1.pdf  P195,Cu,0.3072,98.854,63.3,292.0,,
https://www.epa.gov/sites/default/files/2015-10/documents/nfmm_dd_1989_vol_1.pdf  P195,Be,0.00035,0.075401,0.075,0.15,,
https://www.epa.gov/sites/default/files/2015-10/documents/nfmm_dd_1989_vol_1.pdf  P195,Ag,0.01184,0.41099,0.25167,0.805,,
https://www.epa.gov/sites/default/files/2015-10/documents/nfmm_dd_1989_vol_1.pdf  P195,pH,6.52,8.7848,8.35,11.61,,
https://www.epa.gov/sites/default/files/2015-10/documents/nfmm_dd_1989_vol_1.pdf  P195,TOC,3.4667,14.864,9.5,28.6,,
https://doi.org/10.22034/GJESM.2019.04.06,pH,6.88,,,,,
https://doi.org/10.22034/GJESM.2019.04.06,TDS,90.0,,,,,
https://doi.org/10.22034/GJESM.2019.04.06,As,0.155,,,,,
https://doi.org/10.22034/GJESM.2019.04.06,Pb,7.9385,,,,,
https://doi.org/10.22034/GJESM.2019.04.06,Hg,0.1434,,,,,
https://doi.org/10.22034/GJESM.2019.04.06,Cd,0.0079,,,,,
https://www.epa.gov/sites/default/files/2015-10/documents/nfmm_dd_1989_vol_1.pdf P199,Sb,0.053,,,,,
https://www.epa.gov/sites/default/files/2015-10/documents/nfmm_dd_1989_vol_1.pdf P199,As,0.37,,,,,
https://www.epa.gov/sites/default/files/2015-10/documents/nfmm_dd_1989_vol_1.pdf P199,Be,0.09,0.618,,,,
https://www.epa.gov/sites/default/files/2015-10/documents/nfmm_dd_1989_vol_1.pdf P199,Cd,0.16,0.32,,,,
https://www.epa.gov/sites/default/files/2015-10/documents/nfmm_dd_1989_vol_1.pdf P199,Cr,0.68,1.096,,,,
https://www.epa.gov/sites/default/files/2015-10/documents/nfmm_dd_1989_vol_1.pdf P199,Cu,19.0,23.8,,,,
https://www.epa.gov/sites/default/files/2015-10/documents/nfmm_dd_1989_vol_1.pdf P199,CN,,,,,,
https://www.epa.gov/sites/default/files/2015-10/documents/nfmm_dd_1989_vol_1.pdf P199,Pb,13.0,4.1,,,,
https://www.epa.gov/sites/default/files/2015-10/documents/nfmm_dd_1989_vol_1.pdf P199,Hg,0.002,,,,,
https://www.epa.gov/sites/default/files/2015-10/documents/nfmm_dd_1989_vol_1.pdf P199,Ni,0.89,1.618,,,,
https://www.epa.gov/sites/default/files/2015-10/documents/nfmm_dd_1989_vol_1.pdf P199,Se,0.011,0.0422,,,,
https://www.epa.gov/sites/default/files/2015-10/documents/nfmm_dd_1989_vol_1.pdf P199,Ag,0.21,0.346,,,,
https://www.epa.gov/sites/default/files/2015-10/documents/nfmm_dd_1989_vol_1.pdf P199,Tl,,,,,,
https://www.epa.gov/sites/default/files/2015-10/documents/nfmm_dd_1989_vol_1.pdf P199,Zn,10.0,21.2,,,,
https://www.epa.gov/sites/default/files/2015-10/documents/nfmm_dd_1989_vol_1.pdf P199,pH,9.9,9.9,,,,
https://nepis.epa.gov/Exe/ZyPURL.cgi?Dockey=9100EI1H.TXT  ,Cd,0.02,0.05,,,,
https://nepis.epa.gov/Exe/ZyPURL.cgi?Dockey=9100EI1H.TXT  ,Fe,0.1,2.0,,,,
https://nepis.epa.gov/Exe/ZyPURL.cgi?Dockey=9100EI1H.TXT  ,Hg,0.001,0.05,,,,
https://nepis.epa.gov/Exe/ZyPURL.cgi?Dockey=9100EI1H.TXT  ,Mo,0.2,20.0,,,,
https://nepis.epa.gov/Exe/ZyPURL.cgi?Dockey=9100EI1H.TXT  ,Co,0.04,1.68,,,,
https://nepis.epa.gov/Exe/ZyPURL.cgi?Dockey=9100EI1H.TXT  ,Sb,0.2,1.0,,,,
https://nepis.epa.gov/Exe/ZyPURL.cgi?Dockey=9100EI1H.TXT  ,Zn,0.29,,,,,
https://nepis.epa.gov/Exe/ZyPURL.cgi?Dockey=9100EI1H.TXT  ,Cr,0.15,,,,,
https://nepis.epa.gov/Exe/ZyPURL.cgi?Dockey=9100EI1H.TXT  ,As,0.07,,,,,
https://nepis.epa.gov/Exe/ZyPURL.cgi?Dockey=9100EI1H.TXT  ,Mn,0.05,4.8,,,,
https://nepis.epa.gov/Exe/ZyPURL.cgi?Dockey=9100EI1H.TXT  ,Pb,1.0,,,,,
https://nepis.epa.gov/Exe/ZyPURL.cgi?Dockey=9100EI1H.TXT  ,Ni,0.05,3.0,,,,
https://nepis.epa.gov/Exe/ZyPURL.cgi?Dockey=9100EI1H.TXT  ,Cu,0.08,,,,,
https://doi.org/10.3390/min12020250,Sb,10.31,,,,,
https://doi.org/10.1016/j.cej.2018.02.043,pH,11.67,,,,,
https://doi.org/10.1016/j.cej.2018.02.043,Na,2470.0,,,,,
https://doi.org/10.1016/j.cej.2018.02.043,Mg,15.7,,,,,
https://doi.org/10.1016/j.cej.2018.02.043,Al,1.74,,,,,
https://doi.org/10.1016/j.cej.2018.02.043,Si,2650.0,,,,,
https://doi.org/10.1016/j.cej.2018.02.043,P,1.13,,,,,
https://doi.org/10.1016/j.cej.2018.02.043,SO4,375.0,,,,,
https://doi.org/10.1016/j.cej.2018.02.043,K,36.2,,,,,
https://doi.org/10.1016/j.cej.2018.02.043,Ca,58.4,,,,,
https://doi.org/10.1016/j.cej.2018.02.043,Fe,6.43,,,,,
https://doi.org/10.1016/j.cej.2018.02.043,Mo,1.27,,,,,
https://doi.org/10.1016/j.cej.2018.02.043,W,9.26,,,,,
https://doi.org/10.1016/j.cej.2018.02.043,TDS,5625.13,,,,,
https://doi.org/10.1016/j.jclepro.2018.05.215,pH,11.06,,,,,
https://doi.org/10.1016/j.jclepro.2018.05.215,Na,1340.0,,,,,
https://doi.org/10.1016/j.jclepro.2018.05.215,Mg,3.08,,,,,
https://doi.org/10.1016/j.jclepro.2018.05.215,Al,0.924,,,,,
https://doi.org/10.1016/j.jclepro.2018.05.215,Si,1150.0,,,,,
https://doi.org/10.1016/j.jclepro.2018.05.215,P,0.214,,,,,
https://doi.org/10.1016/j.jclepro.2018.05.215,SO4,420.0,,,,,
https://doi.org/10.1016/j.jclepro.2018.05.215,K,11.9,,,,,
https://doi.org/10.1016/j.jclepro.2018.05.215,Ca,26.8,,,,,
https://doi.org/10.1016/j.jclepro.2018.05.215,Fe,0.947,,,,,
https://doi.org/10.1016/j.jclepro.2018.05.215,Mo,6.42,,,,,
https://doi.org/10.1016/j.jclepro.2018.05.215,W,3.68,,,,,
https://doi.org/10.1016/j.jclepro.2018.05.215,TDS,2963.965,,,,,
https://doi.org/10.37190/ppmp/189756,TIN,5.36,,,,,
https://doi.org/10.37190/ppmp/189756,Zn,2.81,,,,,
https://doi.org/10.37190/ppmp/189756,Fe,2.25,,,,,
https://doi.org/10.37190/ppmp/189756,pH,10.8,,,,,
"https://doi.org/10.1007/s13762-021-03261-x
",Cu,3.73,4.06,,,,
"https://doi.org/10.1007/s13762-021-03261-x
",Co,0.6,0.74,,,,
"https://doi.org/10.1007/s13762-021-03261-x
",Fe,4.03,2.41,,,,
"https://doi.org/10.1007/s13762-021-03261-x
",Mn,0.12,0.16,,,,
"https://doi.org/10.1007/s13762-021-03261-x
",Ca,23.27,37.41,,,,
"https://doi.org/10.1007/s13762-021-03261-x
",Mg,58.43,31.22,,,,
"https://doi.org/10.1007/s13762-021-03261-x
",Na,141.21,93.24,,,,
"https://doi.org/10.1007/s13762-021-03261-x
",Zn,0.32,0.22,,,,
"https://doi.org/10.1007/s13762-021-03261-x
",Cr,0.43,0.67,,,,
"https://doi.org/10.1007/s13762-021-03261-x
",Al,0.34,2.75,,,,
"https://doi.org/10.1007/s13762-021-03261-x
",Ni,0.05,0.07,,,,
"https://doi.org/10.1007/s13762-021-03261-x
",Cd,0.0,0.0,,,,
"https://doi.org/10.1007/s13762-021-03261-x
",Pb,0.07,0.01,,,,
"https://doi.org/10.1007/s13762-021-03261-x
",As,0.04,0.05,,,,
"https://doi.org/10.1007/s13762-021-03261-x
",NO3,28.4,9.47,,,,
"https://doi.org/10.1007/s13762-021-03261-x
",Cl,0.71,0.73,,,,
"https://doi.org/10.1007/s13762-021-03261-x
",SO4,267.1,84.1,,,,
"https://doi.org/10.1007/s13762-021-03261-x
",TIC,76.43,115.26,,,,
"https://doi.org/10.1007/s13762-021-03261-x
",PO4,14.51,14.33,,,,
"https://doi.org/10.1007/s13762-021-03261-x
",TDS,619.79,396.8999999999999,,,,
https://doi.org/10.1016/j.cep.2006.11.015,Ca,270.0,312.0,256,,,
https://doi.org/10.1016/j.cep.2006.11.015,Cu,240.0,250.0,315,,,
https://doi.org/10.1016/j.cep.2006.11.015,Fe,8.0,35.0,40,,,
https://doi.org/10.1016/j.cep.2006.11.015,Mg,260.0,290.0,304,,,
https://doi.org/10.1016/j.cep.2006.11.015,Mn,40.0,82.0,90,,,
https://doi.org/10.1016/j.cep.2006.11.015,Pb,0.2,0.5,0.1,,,
https://doi.org/10.1016/j.cep.2006.11.015,SO4,4200.0,4400.0,4000,,,
https://doi.org/10.1016/j.cep.2006.11.015,TDS,5018.2,5369.5,5005.1,,,
https://doi.org/10.1007/s11771-014-2085-2,pH,11.1,,,,,
https://doi.org/10.1007/s11771-014-2085-2,Pb,60.2,,,,,
https://doi.org/10.1007/s11771-014-2085-2,Zn,1.2,,,,,
https://doi.org/10.1007/s11771-014-2085-2,Cu,3.2,,,,,
https://doi.org/10.1007/s11771-014-2085-2,Fe,2.23,,,,,
https://doi.org/10.1007/s11771-014-2085-2,TIN,1.45,,,,,
https://doi.org/10.1007/s11771-014-2085-2,Cl,221.0,,,,,
https://doi.org/10.1007/s11771-014-2085-2,TIC,66.0,,,,,
https://doi.org/10.1007/s11771-014-2085-2,SO4,1355.0,,,,,
https://doi.org/10.1007/s11771-014-2085-2,S,8.67,,,,,
https://doi.org/10.1007/s11771-014-2085-2,TOC,983.7333333333335,,,,,
https://doi.org/10.1007/s11771-014-2085-2,TDS,2713.7833333333338,,,,,
