Source,Element,Concentration (mg/L),265,266,268,269,270,271,272,273,274,275,276,277,278,279,280,281,282,283,284,285,286,287,288,289,290,291,292,293,294,295,296,297,298,299,300,301,302,303,304,305,306,307,308,309,310,311,312,313,314,315,316,317,318,319,320,321,322,323,324,325,326,327,328,329,330,331,332,333,334,335,336,337,338,339,340,341,342,343,344,345,346,347,348,349,350,351,352,353,354,355,356,357,358,359,360,361,362,363,364,365,366,367,368,369,370,371,372,373,374,375,376,377,378,379,380,381,382,383,384,385,386,387,388,389,390,391,392,393,394,395,396,397,398,399,400,401,402,403,404,405,406,407,408,409,410,411,412,413,414,415,416,417,418,419,420,421,422,423,424,425,426,427,428,429,430,431,432,433,434,435,436,437,438,439,440,441,442,443,444,445,446,447,448,449,450,451,452,453,454,455,456,457,458,460,461,462,463,464,465,466,467,468,469,470,471,472,473,474,475,476,477,478,479,480,481,482,483,484,485,486,487,488,489,490,491,492,493,494,495,496,497,498,499,500,501,502,503,504,505,506,507,508,509,510,511,512,513,514,515,516,517,518,519,520,521,522,523,524,525,526,527,528,529,530,531,532,533,534,535,536,537,538,539,540,541,542,543,544,545,546,547,548,549,550,551,552,553,554,555,556,557,558,559,560,561,562,563,564,565,566,567,568,569,570,571,572,573,574,575,576,577,578,579,583,584,585,587,588,589,590,591,593,596,598,600,601,604,607,609,610,612,616,617,618,619,620,621,622,627,628,629,630,631,632,633,635,638,641,647,649,650,670,671,672,681,682,686,687,690,693,694,695,696,698,700,701,704,706,714,716,721,722,724,725,726,727,728,731,732,733,734,735,736,737,738,739,740,741,742,743,744,745,746,747,761,770,771,772,774,775,776,777,778,779,780,781,782,783,785,787,789,790,793,795,797,798,800,802,803,804,805,807,809,810,811,813,819,820,821,826,827,829,830,831,839,844,845,846,847,848,849,850,851,852,853,854,855,856,857,858,859,863,867,871,889,894,895,896,898,901,902,903,904,905,906,907,908,909,910,911,913,914,917,918,923,926,929,931,932,933,934,935,936,937,938,939,940,941,942,943,944,945,946,947,948,949,950,951
10.5066/P9DSRCZJ,TDS,2318.0,4345.0,2729.0,2524.0,2304.0,91.0,2887.0,1153.0,1494.0,1253.0,5447.0,6049.0,285.0,,,,,1036.0,4174.0,10.0,4140.0,1498.0,1845.0,1936.0,1703.0,1664.0,1694.0,1570.0,1694.0,2241.0,1867.0,1561.0,1599.0,1534.0,1746.0,1558.0,1795.0,1608.0,1617.0,1831.0,1598.0,1809.0,1596.0,1858.0,1641.0,2129.0,1898.0,1555.0,1734.0,1520.0,1754.0,1532.0,,907.0,,,2158.0,1130.0,1217.0,1237.0,888.0,907.0,,,,2.0,,2237.0,7552.0,0.0,372.0,2517.0,208.0,4477.0,4246.0,4449.0,6798.0,6238.0,,1351.0,628.0,1.0,2289.0,9.0,2.0,2337.0,846.0,2767.0,14.0,2547.0,6.0,2241.0,4092.0,57.0,2032.0,1531.0,1021.0,91.0,2012.0,2126.0,78.0,2052.0,2140.0,679.0,2112.0,2150.0,92.0,2141.0,,2010.0,69.0,,1979.0,2636.0,87.0,1933.0,1936.0,2174.0,2143.0,88.0,88.0,421.0,64.0,61.0,159.0,1416.0,2920.0,2570.0,913.0,1340.0,64.0,1325.0,59.0,2000.0,1523.0,64.0,1509.0,107.0,1515.0,56.0,1481.0,1099.0,329.0,625.0,505.0,493.0,489.0,565.0,943.0,2133.0,569.0,628.0,638.0,2158.0,2079.0,2075.0,533.0,830.0,2371.0,2551.0,2445.0,2372.0,2354.0,2383.0,2549.0,2509.0,2390.0,2380.0,2168.0,2296.0,2345.0,2582.0,2666.0,2640.0,2423.0,2508.0,2399.0,2376.0,2336.0,2207.0,2159.0,2283.0,2261.0,2215.0,2242.0,53.0,2580.0,3.0,2336.0,49.0,2578.0,226.0,5297.0,5443.0,,,,,469.0,477.0,490.0,481.0,444.0,423.0,417.0,426.0,422.0,432.0,446.0,471.0,497.0,501.0,482.0,433.0,421.0,421.0,412.0,424.0,434.0,443.0,443.0,535.0,417.0,696.0,750.0,457.0,409.0,603.0,843.0,772.0,752.0,760.0,885.0,912.0,637.0,647.0,972.0,811.0,720.0,570.0,704.0,744.0,488.0,827.0,802.0,861.0,741.0,728.0,636.0,727.0,816.0,824.0,929.0,865.0,915.0,933.0,578.0,2191.0,2184.0,2182.0,2166.0,2186.0,2175.0,2175.0,2171.0,2178.0,2168.0,2181.0,2170.0,2159.0,2144.0,2149.0,2176.0,1646.0,2129.0,2138.0,2137.0,6126.0,4574.0,3949.0,3352.0,181.0,3263.0,,4623.0,26.0,1535.0,933.0,251.0,2060.0,1976.0,13.0,2004.0,,,,,,,,,,,,,,3012.0,,,,,,,,,,,,,,,,,,,,,,,,,,,,,,,,,,,,,,,,,,,,,,,,,,,,,,,,,,,,,,,,,,,,,,,,,,,,,,,,,,,,,,,,,,,,,,,,,,,,,,,,,,,,,,,,,,,,,,,,,,,,,,,,,,,,,,,,,,,,,,,,,,,,,,,,,,,,,,,,,,,,,,,,,,,,,,6131.0,1853.0,6844.0,,,6756.0,,,2505.0,,2360.0,,3307.0,2610.0,,,,,
10.5066/P9DSRCZJ,pH,7.1,8.4,9.27,6.78,8.9,6.56,6.99,,,8.27,5.53,7.05,7.8,,,,,8.0,,,,7.4,8.68,6.21,5.74,6.21,6.39,6.17,5.95,8.52,7.29,8.68,8.49,8.12,7.14,7.14,8.47,8.47,5.44,7.42,7.42,8.25,8.25,7.75,7.75,7.82,7.82,8.27,8.18,8.18,8.28,8.28,,7.5,,,8.4,8.3,8.6,,9.3,9.3,,,,,,8.2,,,7.2,8.0,7.3,,,,8.0,5.7,,8.9,5.44,3.54,8.49,4.27,3.81,8.27,5.67,8.48,3.93,7.42,4.05,8.12,,5.85,9.45,7.93,7.45,7.13,8.77,8.67,6.68,9.0,8.98,5.29,9.01,8.84,4.93,8.77,4.99,8.77,5.37,5.35,8.77,8.84,5.12,9.14,8.93,8.95,9.07,5.93,6.22,5.0,5.72,5.78,5.71,6.95,5.65,6.85,8.15,8.49,5.66,8.39,5.54,8.82,8.66,5.6,8.63,5.58,8.62,5.63,8.63,6.03,5.81,6.89,7.1,6.51,6.99,7.24,7.17,6.47,7.25,7.13,7.33,6.46,6.41,6.39,7.22,7.08,8.62,8.43,8.79,8.58,8.77,7.12,8.33,8.8,8.66,8.41,8.33,8.5,7.02,7.88,8.14,8.03,8.08,7.16,8.52,8.37,,8.32,7.12,6.33,6.86,6.89,6.55,5.33,8.09,5.44,8.8,4.9,8.45,6.19,6.63,6.49,8.5,8.4,7.2,8.4,6.6,6.88,6.86,6.87,6.51,7.24,6.98,6.89,6.93,6.95,6.97,6.96,7.07,7.24,7.06,7.05,6.96,7.03,6.99,7.04,7.02,6.88,6.97,6.95,7.42,7.35,7.04,6.59,,,7.46,7.51,7.45,7.31,7.13,7.16,7.36,7.25,7.12,7.2,7.45,7.6,7.35,7.24,7.47,7.1,7.08,,7.35,7.56,,,,7.03,7.54,7.34,7.41,7.28,6.98,6.56,6.42,6.48,6.76,6.78,6.54,6.54,6.96,6.54,6.82,6.76,6.58,6.71,,,,6.74,6.72,7.09,6.52,7.0,8.4,4.6,4.8,7.8,8.3,8.0,6.18,4.83,7.93,7.64,7.47,8.09,8.48,3.95,8.27,,,,,,,,,,,,,,,,,,,,,,,,,,,,,,,,,,,,,,,,,,,,,,,,,,,,,,,,,,,,,,,,,,,,,,,,,,,,,,,,,,,,,,,,,,,,,,,,,,,,,,,,,,,,,,,,,,,,,,,,,,,,,,,,,,,,,,,,,,,,,,,,,,,,,,,,,,,,,,,,,,,,,,,,,,,,,,,,,,,,,,,,,,,,8.36,8.69,8.47,,,8.13,,,9.22,,6.43,,9.01,6.5,,,,,
10.5066/P9DSRCZJ,MBAS,,,,,,,,,,,,,,,,,,,,,,,,,,,,,,,,,,,,,,,,,,,,,,,,,,,,,,,,,,,,,,,,,,,,,,,,,,,,,,,,,,,,,,,,,,,,,,,,,,,,,,,,,,,,,,,,,,,,,,,,,,,,,,,,,,,,,,,,,,,,,,,,,,,,,,,,,,,,,,,,,,,,,,,,,,,,,,,,,,,,,,,,,,,,,,,,,,,,,,,,,,,,,,,,,,,,,,,,,,,,,,,,,,,,,,,,,,,,,,,,,,,,,,,,,,,,,,,,,,,,,,,,,,,,,,,,,,,,,,,,,,,,,,,,,,,,,,,,,,,,,,,,,,,,,,,,,,,,,,,,,,,,,,,,,,,,,,,,,,,,,,,,,,,,,,,,,,,,,,,,,,,,,,,,,,,,,,,,,,,,,,,,,,,,,,,,,,,,,,,,,,,,,,,,,,,,,,,,,,,,,,,,,,,,,,,,,,,,,,,,,,,,,,,,,,,,,,,,,,,,,,,,,,,,,,,,,,,,,,,,,,,,,,,,,,,,,,,,,,,
10.5066/P9DSRCZJ,TSS,,,,,,,,,,,,,,,,,,,,,,,,,,,,,,,,,,,,,,,,,,,,,,,,,,,,,,,,,,,,,,,,,,,,,,,,,,,,,,,,,,,,,,,,,,,,,,,,,,,,,,,,,,,,,,,,,,,,,,,,,,,,,,,,,,,,,,,,,,,,,,,,,,,,,,,,,,,,,,,,,,,,,,,,,,,,,,,,,,,,,,,,,,,,,,,,,,,,,,,,,,,,,,,,,,,,,,,,,,,,,,,,,,,,,,,,,,,,,,,,,,,,,,,,,,,,,,,,,,,,,,,,,,,,,,,,,,,,,,,,,,,,,,,,,,,,,,,,,,,,,,,,,,,,,,,,,,,,,,,,,,,,,,,,,,,,,,,,,,,,,,,,,,,,,,,,,,,,,,,,,,,,,,,,,,,,,,,,,,,,,,,,,,,,,,,,,,,,,,,,,,,,,,,,,,,,,,,,,,,,,,,,,,,,,,,,,,,,,,,,,,,,,,,,,,,,,,,,,,,,,,,,,,,,,,,,,,,,,,,,,,,,,,,,,,,,,,,,,,,
10.5066/P9DSRCZJ,Ag,,,,,,,,,,,,,,,,,,,,,,,,,,,,,,,,,,,,,,,,,,,,,,,,,,,,,,,,,,,,,,,,,,,,,,,,,,,,,,,,,,,,,,,,,,,,,,,,,,,,,,,,,,,,,,,,,,,,,,,,,,,,,,,,,,,,,,,,,,,,,,,,,,,,,,,,,,,,,,,,,,,,,,,,,,,,,,,,,,,,,,,,,,,,,,,,,,,,,,,,,,,,,,,,,,,,,,,,,,,,,,,,,,,,,,,,,,,,,,,,,,,,,,,,,,,,,,,,,,,,,,,,,,,,,,,,,,,,,,,,,,,,,,,,,,,,,,,,,,,,,,,,,,,,,,,,,,,,,,,,,,,,,,,,,,,,,,,,,,,,,,,,,,,,,,,,,,,,,,,,,,,,,,,,,,,,,,,,,,,,,,,,,,,,,,,,,,,,,,,,,,,,,,,,,,,,,,,,,,,,,,,,,,,,,,,,,,,,,,,,,,,,,,,,,,,,,,,,,,,,,,,,,,,,,,,,,,,,,,,,,,,,,,,,,,,0.226,,0.013,,,,,,
10.5066/P9DSRCZJ,Al,,,0.01,,,,,,,,,,,,,,,0.41,0.035,,0.053,,,,,,,,,,,,,,,,,,,,,,,,,,,,,,,,,,,,0.21,0.43,,,0.2,0.3,,,,,,0.22,,,,,,,,,,,,,86.0,,273.0,,,281.0,,524.0,,331.0,,264.0,,,1.41,,0.07,0.03,1.21,1.35,,1.12,1.04,,1.12,1.13,,1.12,,1.44,,,0.99,1.27,,1.14,1.14,1.32,1.34,0.028,0.04,0.133,,,,0.232,,0.09,0.042,1.292,,1.422,,1.392,1.038,,1.088,,1.028,,1.039,,,,,,,,,,,,,,,,,,,,,,,,,,,,,,,,,,,,,,,,,,,,,,0.36,,0.29,,0.35,,0.26,0.29,,,,,,,,,,,,,,,,,,,,,,,,,,,,,,,,,,,,,,,,,,,,,,,,,,,,,,,,,,,,,,,,,,,,,,,,,,,,,,,,,,,,,,,0.1,,0.31,,0.013,0.127,,,,,,,,,,,,,,,,,,,,,,,,,,,,,,,,,,,,,,,,,,,,,,,,,,,,,,,,,,,,,,,,,,,,,,,,,,,,,,,,,,,,,,,,,,,,,,,,,,,,,,,,,,,,,,,,,,,,,,,,,,,,,,,,,,,,,,,,,,,,,,,,,,,,,,,,,,,,,,,,,,,,,,,,,,,,,,,,,,,,,,,,,,,,,,,,,,,,,,,,,,,0.18,,,,,,,,,,
10.5066/P9DSRCZJ,As,0.11,,,,,,0.1,,,,,,,,,,,,,,,,,,,,,,,,,,,,,,,,,,,,,,,,,,,,,,,0.09,,,,,,0.05,,,,,,,,4.0,,,,,,,,,,,,,0.73,,3.07,,,3.6,,1.2,,0.45,,0.34,,,0.46,0.043,0.074,0.003,0.86,1.44,0.004,0.51,0.65,0.42,0.52,0.65,0.023,0.65,,0.27,0.005,,0.19,0.25,0.008,0.79,0.93,1.03,1.03,0.008,0.007,0.31,0.003,0.002,0.1,0.32,0.14,0.56,0.002,0.35,0.005,0.59,0.007,0.34,0.73,0.003,0.74,0.04,0.72,0.002,0.7,0.52,0.34,0.35,0.304,0.296,0.313,0.28,0.51,2.36,0.41,0.357,0.365,3.4,2.05,2.23,0.32,0.42,3.0,3.2,3.36,3.1,2.9,3.4,1.3,3.106,2.2,2.7,2.6,2.6,2.6,3.39,3.4,5.3,4.97,3.96,2.95,2.1,2.8,3.0,3.26,2.7,2.63,2.02,1.9,,1.57,,2.28,,2.22,,0.093,0.083,,,,,0.043,0.04,0.039,0.041,0.041,0.041,0.043,0.043,0.044,0.041,0.044,0.04,0.039,0.039,0.04,0.039,0.04,0.04,0.04,0.039,0.041,0.04,0.04,0.039,0.043,0.082,0.107,0.044,0.042,0.188,0.266,0.29,0.33,0.34,0.4,0.453,0.078,0.076,0.443,0.32,0.32,0.3,0.32,0.37,0.115,0.41,0.35,0.6,0.357,0.36,0.32,0.36,0.42,0.453,0.48,0.48,0.5,0.42,0.313,2.45,2.47,2.7,2.9,2.33,2.8,2.8,2.3,2.35,2.19,2.3,2.27,2.3,2.1,2.67,2.3,2.3,2.3,2.1,1.9,,0.005,0.054,0.006,,0.109,,0.061,,0.035,,,,3.0,0.014,2.86,,,,,,,,,,,,,,,,,,,,,,,,,,,,,,,,,,,,,,,,,,,,,,,,,,,,,,,,,,,,,,,,,,,,,,,,,,,,,,,,,,,,,,,,,,,,,,,,,,,,,,,,,,,,,,,,,,,,,,,,,,,,,,,,,,,,,,,,,,,,,,,,,,,,,,,,,,,,,,,,,,,,,,,,,,,,,,,,,,,,,,,,,,,,0.11,0.084,0.064,,,0.066,,,0.19,,0.402,,0.21,0.13,,,,,
10.5066/P9DSRCZJ,Au,,,,,,,,,,,,,,,,,,,,,,,,,,,,,,,,,,,,,,,,,,,,,,,,,,,,,,,,,,,,,,,,,,,,,,,,,,,,,,,,,,,,,,,,,,,,,,,,,,,,,,,,,,,,,,,,,,,,,,,,,,,,,,,,,,,,,,,,,,,,,0.00042,,,,,,,,,,,,,,,,,,,,,,,,,,,,,,,,,,,,,,,,,,,,,,,,,,,,,,,,,,,,,,,,,,,,,,,,,,,,,,,,,,,,,,,,,,,,,,,,,,,,,,,,,,,,,,,,,,,,,,,,,,,,,,,,,,,,,,,,,,,,,,,,,,,,,,,,,,,,,,,,,,,,,,,,,,,,,,,,,,,,,,,,,,,,,,,,,,,,,,,,,,,,,,,,,,,,,,,,,,,,,,,,,,,,,,,,,,,,,,,,,,,,,,,,,,,,,,,,,,,,,,,,,,,,,,,,,,,,,,,,,,,,,,,,,,,,,,,,,,,,,,,,,,,,,,,,,,,,,,,,,,,,,,,,,,,,,,,,,,,,,,,,,,,,,,,,,,,,,,
10.5066/P9DSRCZJ,B,4.7,6.8,,5.2,5.1,,5.5,,,7.9,12.0,14.0,0.03,,,,,0.96,8.3,0.07,8.1,3.0,46.0,43.0,41.0,43.0,41.0,40.0,39.0,52.0,49.0,39.0,37.0,39.0,46.0,41.0,44.0,40.0,43.0,46.0,40.0,47.0,41.0,45.0,40.0,46.0,41.0,36.0,51.0,45.0,44.0,39.0,,1.7,,,,0.98,1.0,,1.0,1.5,,,,,,48.0,,,3.0,69.0,0.03,5.88,5.88,,15.7,13.5,,7.4,11.8,,41.8,,,41.3,,44.6,2.0,45.7,1.4,43.5,,0.12,9.38,7.1,8.1,1.21,11.4,12.5,0.16,11.6,11.5,4.9,11.7,11.8,0.28,11.7,,9.19,0.16,,9.54,9.51,0.44,10.7,10.6,12.1,12.0,0.077,0.053,2.26,0.14,0.16,0.51,6.79,5.8,5.54,1.26,9.06,0.24,9.22,0.31,9.41,11.9,0.26,11.3,0.55,12.0,0.21,11.5,7.8,2.03,8.2,5.4,5.8,5.7,6.5,14.1,40.4,5.6,8.0,7.5,37.9,37.5,35.3,6.1,12.5,46.4,47.9,47.4,46.1,44.7,45.0,47.0,43.3,43.8,42.3,44.5,43.8,42.6,46.0,46.6,48.0,47.6,49.3,44.0,40.3,44.0,43.7,42.9,45.0,46.1,46.4,44.7,1.55,43.9,0.29,42.7,1.45,45.4,0.6,9.84,10.2,,,,,2.1,2.0,1.9,1.7,1.7,1.7,1.6,1.7,1.8,1.9,2.1,2.2,2.4,2.6,2.4,1.9,1.8,1.8,2.2,2.3,2.5,2.7,2.9,3.4,2.5,8.5,9.8,4.4,3.1,6.7,14.4,12.4,12.5,12.1,14.8,15.8,7.8,8.0,16.7,11.8,10.6,7.4,10.9,11.8,6.3,13.6,12.6,13.2,11.3,11.2,,,,15.6,16.7,15.0,16.0,15.6,7.2,42.8,42.5,41.8,41.6,42.2,42.8,42.8,40.7,42.3,,42.0,41.0,40.0,,,,40.8,42.5,41.6,36.8,14.0,10.0,,9.4,,12.7,,38.0,0.053,2.9,,0.198,,58.8,1.77,44.3,,,,,,,,,,,,,,8.1,,,,,,,,,,,,,,,,,,,,,,,,,,,,,,,,,,,,,,,,,,,,,,,,,,,,,,,,,,,,,,,,,,,,,,,,,,,,,,,,,,,,,,,,,,,,,,,,,,,,,,,,,,,,,,,,,,,,,,,,,,,,,,,,,,,,,,,,,,,,,,,,,,,,,,,,,,,,,,,,,,,,,,,,,,,,,,15.0,13.0,15.0,,,15.0,,,4.8,,4.932,,6.0,5.0,,,,,
10.5066/P9DSRCZJ,Ba,,,,,,,,,,,,,,,,,,,,,,,,,,,,,,,,,,,,,,,,,,,,,,,,,,,,,,,,,,,,,,,,,,,,,,,,,,,,,,,,,,,,,,,,,,,,,,,,0.049,0.043,0.003,0.05,0.06,,0.07,0.078,,0.077,0.073,,0.074,,0.01,,,0.007,0.008,,0.047,0.048,0.052,0.059,0.005,,0.016,,,,0.055,0.34,0.12,0.014,0.01,,0.01,,0.01,0.069,,0.071,,0.074,,0.076,,,,,,,,,0.12,,,,,,,,,,,,,,,,,,,,,,,,,,,,,,,,0.12,0.11,0.09,0.09,,,,,,,,,,,,,,,,,,,,,,,,,,,,,,,,,,,,,,,,,,,,,,,,,,,,,,,,,,,,,,,,,,,,,0.1,,,,,0.12,,,,,0.12,,,,,,,,,,,0.12,,,,,0.18,0.31,,0.29,,0.431,0.02,0.083,,0.25,,0.08,0.001,0.106,,,,,,,,,,,,,,,,,,,,,,,,,,,,,,,,,,,,,,,,,,,,,,,,,,,,,,,,,,,,,,,,,,,,,,,,,,,,,,,,,,,,,,,,,,,,,,,,,,,,,,,,,,,,,,,,,,,,,,,,,,,,,,,,,,,,,,,,,,,,,,,,,,,,,,,,,,,,,,,,,,,,,,,,,,,,,,,,,,,,,,,,,,,,0.31,0.38,0.095,,,0.36,,,0.04,,0.696,,0.16,,,,,,
10.5066/P9DSRCZJ,Be,,,,,,,,,,,,,,,,,,,,,,,,,,,,,,,,,,,,,,,,,,,,,,,,,,,,,,,,,,,,,,,,,,,,,,,,,,,,,,,,,,,,,,,,,,,,,,,,,,,0.002,0.002,,0.002,0.002,,0.002,0.002,,0.002,,0.002,,,0.002,0.002,,0.002,0.002,0.002,0.002,,,,,,,,0.002,,,0.002,,0.002,,0.002,0.002,,0.002,,0.002,,0.002,,,,,,,,,,,,,,,,,,,,,,,,,,,,,,,,,,,,,,,,,,,,,,,,,,,,,,,,,,,,,,,,,,,,,,,,,,,,,,,,,,,,,,,,,,,,,,,,,,,,,,,,,,,,,,,,,,,,,,,,,,,,,,,,,,,,,,,,,,,,,,0.006,,0.009,0.004,0.004,,,,0.02,,0.026,,,,,,,,,,,,,,,,,,,,,,,,,,,,,,,,,,,,,,,,,,,,,,,,,,,,,,,,,,,,,,,,,,,,,,,,,,,,,,,,,,,,,,,,,,,,,,,,,,,,,,,,,,,,,,,,,,,,,,,,,,,,,,,,,,,,,,,,,,,,,,,,,,,,,,,,,,,,,,,,,,,,,,,,,,,,,,,,,,,,,,,,,,,,,,,,,,,,,,,,,,,,,,
10.5066/P9DSRCZJ,Bi,,,,,,,,,,,,,,,,,,,,,,,,,,,,,,,,,,,,,,,,,,,,,,,,,,,,,,,,,,,,,,,,,,,,,,,,,,,,,,,,,,,,,,,,,,,,,,,,,,,,,,,,,,,,,,,,,,,,,,,,,,,,,,,,,,,,,,,,,,,,,,,,,,,,,,,,,,,,,,,,,,,,,,,,,,,,,,,,,,,,,,,,,,,,,,,,,,,,,,,,,,,,,,,,,,,,,,,,,,,,,,,,,,,,,,,,,,,,,,,,,,,,,,,,,,,,,,,,,,,,,,,,,,,,,,,,,,,,,,,,,,,,,,,0.001,,,,0.004,0.001,0.003,,,,,,,,,,,,,,,,,,,,,,,,,,,,,,,,,,,,,,,,,,,,,,,,,,,,,,,,,,,,,,,,,,,,,,,,,,,,,,,,,,,,,,,,,,,,,,,,,,,,,,,,,,,,,,,,,,,,,,,,,,,,,,,,,,,,,,,,,,,,,,,,,,,,,,,,,,,,,,,,,,,,,,,,,,,,,,,,,,,,,,,,,,,,,,,,,,,,,,,,,,,,,,
10.5066/P9DSRCZJ,Br,2.2,,,2.2,,,,,,,5.2,6.8,,,,,,,3.7,,,,1.5,1.4,1.5,1.4,1.4,1.3,1.4,1.5,1.5,1.3,1.3,1.3,1.4,1.2,1.5,1.3,1.8,1.6,1.4,1.5,1.3,1.6,1.4,1.5,1.3,1.2,1.4,1.2,1.5,1.3,,,,,,,,,,,,,,,,1.5,,,,,,,,,,,,,0.53,,1.46,,,1.4,,1.48,,1.57,,1.43,,,0.49,0.26,0.21,,0.369,0.453,,0.442,0.65,0.32,0.61,0.66,,0.66,,0.56,,,0.41,0.61,,0.54,0.47,0.53,0.54,,,0.06,,,,0.49,1.05,0.15,0.2,0.25,,0.27,,0.39,,,0.56,,0.41,,0.37,0.3,0.05,,,,,,,,,,,,,,,,,,,,,,,,,,,,,,,,,,,,,,,,,,,,1.64,,1.59,,1.56,0.19,6.26,6.65,,,,,,,,,,,,,,,,,,,,,,,,,,,,,,,,,,,,,,,,,,,,,,,,,,,,,,,,,,,,,,,,,,,,,,,,,,,,,,,,,,,,6.8,,,0.07,,1.6,,4.1,0.019,,,,,,,,,,,,,,,,,,,,,,,,,,,,,,,,,,,,,,,,,,,,,,,,,,,,,,,,,,,,,,,,,,,,,,,,,,,,,,,,,,,,,,,,,,,,,,,,,,,,,,,,,,,,,,,,,,,,,,,,,,,,,,,,,,,,,,,,,,,,,,,,,,,,,,,,,,,,,,,,,,,,,,,,,,,,,,,,,,,,,,,,,,,,,,,,,,,,,,,,,,,,,,,,,,,,,
10.5066/P9DSRCZJ,CO3,,,,,,,,,,,,,,,,,,,,,,,,,,,,,,,,,,,,,,,,,,,,,,,,,,,,,,,,,24.0,2.0,12.0,6.0,168.0,172.0,,,,,,0.099,,,,,,3.0,17.0,,,,,13.5,0.002,,6.7,,,53.0,,77.0,,37.4,,50.7,16.0,,76.6,6.194,0.719,0.097,57.9,60.1,0.021,88.1,90.02780632,,89.92749465,97.2,,87.6,,79.0,,,94.5,93.7,,53.4,54.8,61.3,62.1,0.004,0.012,0.0,,0.002,0.004,0.163,0.016,1.42,6.9,83.0,,89.7,,86.2,88.0,,87.9,,86.7,,86.1,,,0.181,0.382,0.102,0.259,0.373,0.418,,0.533,0.413,0.628,0.118,,,0.755,0.534,19.105,,28.353,16.96,32.78,0.742,9.482,25.635,11.771,9.585,6.04,10.967,0.362,3.737,6.819,4.237,5.892,0.659,10.33,8.825,,8.33,0.556,0.146,0.488,0.477,0.234,,47.0,,112.0,,70.7,,,,,,,,,,,,,,,,,,,,,,,,,,,,,,,,,,,,,,,,,,,,,,,,0.989,,0.742,0.605,,,0.395,,,,,,,0.328,,0.799,0.942,0.661,0.263,,,,,,,,,,,,,,,,,,,,,,,,,,34.0,,0.007,,1.115,,0.939,5.915,9.782,0.0,7.909,,,,,,,,,,,,,,,,,,,,,,,,,,,,,,,,,,,,,,,,,,,,,,,,,,,,,,,,,,,,,,,,,,,,,,,,,,,,,,,,,,,,,,,,,,,,,,,,,,,,,,,,,,,,,,,,,,,,,,,,,,,,,,,,,,,,,,,,,,,,,,,,,,,,,,,,,,,,,,,,,,,,,,,,,,,,,,,,,,,,,,,,,,,,,38.0,14.0,,,23.348,,,28.0,,0.034,,0.668,,,,,,
10.5066/P9DSRCZJ,HCO3,67.0,82.0,92.0,111.0,100.0,91.0,102.0,,,380.0,45.0,47.0,184.0,,,,,80.0,139.0,,203.0,142.0,290.0,257.0,259.0,267.0,269.0,282.0,273.0,368.0,381.0,246.0,244.0,235.0,267.0,238.0,264.0,236.0,308.0,331.0,289.0,297.0,263.0,324.0,286.0,313.0,279.0,247.0,263.0,231.0,280.0,245.0,,95.0,,,359.0,68.0,52.0,73.0,41.0,20.0,,,,,,313.0,,,,,180.0,49.0,22.0,203.0,36.0,109.0,,280.0,75.4,,110.0,,,155.0,,291.0,4.7,216.0,,137.0,111.0,35.0,,431.0,131.0,39.8,181.0,199.0,51.0,32.9,14.2,101.0,27.5,26.0,59.4,27.3,,68.5,48.4,,18.0,15.8,54.4,187.0,165.0,197.0,211.0,53.0,59.7,59.9,45.0,43.5,54.2,123.0,194.0,1024.0,98.5,60.0,46.2,30.4,29.5,34.5,27.6,47.3,20.8,52.0,10.8,50.0,8.2,142.0,65.2,235.0,243.0,243.0,238.0,238.0,245.0,255.0,235.0,235.0,233.0,262.0,,,235.0,235.0,238.0,252.0,213.0,208.0,235.0,282.0,247.0,137.0,164.0,218.0,174.0,172.0,213.0,318.0,269.0,313.0,279.0,323.0,206.0,223.0,223.0,233.0,228.0,350.0,350.0,316.0,338.0,8.1,229.0,,43.7,7.5,161.0,41.5,60.0,95.6,,,,,,,,,,,,,,,,,,,,,,,,,,,,,,,,,,,,,,,,,,,,,255.0,245.0,247.0,250.0,,,240.0,,,100.0,,,,176.0,,245.0,250.0,245.0,233.0,,252.0,,,,,255.0,,,,,,,,,,,252.0,255.0,,,,,,160.0,174.0,,38.0,,58.8,,163.0,271.0,283.0,1.2,244.0,,,,,,,,,,,,,,207.0,,,,,,,,,,,,,,,,,,,,,,,,,,,,,,,,,,,,,,,,,,,,,,,,,,,,,,,,,,,,,,,,,,,,,,,,,,,,,,,,,,,,,,,,,,,,,,,,,,,,,,,,,,,,,,,,,,,,,,,,,,,,,,,,,,,,,,,,,,,,,,,,,,,,,,,,,,,,,,,,,,,,,,,,,,,,,,,93.0,122.0,,,96.0,,,62.0,,102.0,,9.66,,,,,,
10.5066/P9DSRCZJ,Ca,22.0,261.0,41.0,45.0,30.0,,52.0,,55.0,4.4,79.0,92.0,38.0,,,,,37.0,25.0,2.6,43.0,160.0,1.7,8.3,13.8,13.9,13.7,14.2,14.7,8.9,10.0,1.4,1.9,2.5,5.6,5.0,5.4,4.8,1.4,2.6,2.3,3.4,3.0,2.7,2.3,9.2,8.2,3.2,3.7,3.3,5.5,4.8,,20.0,,,3.2,39.0,40.0,371.0,,,,,,,,3.6,,,,,38.0,149.0,141.0,121.0,88.0,110.0,,3.0,0.4,,2.1,,,3.6,,4.8,0.4,2.7,0.3,2.8,81.0,,7.9,37.9,12.2,4.2,8.4,8.7,0.2,8.5,9.0,,9.7,9.2,,9.0,,7.7,,,7.2,7.4,,7.8,7.9,8.7,9.0,0.8,0.2,5.6,0.3,0.1,1.9,23.0,40.0,6.1,28.2,7.0,0.1,7.2,1.1,7.5,8.6,0.1,8.7,0.1,8.7,0.2,8.4,5.0,5.9,23.0,26.0,25.0,25.0,25.0,14.0,15.0,25.0,25.0,21.0,15.0,,,25.0,20.0,11.0,11.0,12.0,8.0,6.0,10.0,10.0,7.0,9.0,,10.0,10.0,6.0,10.0,,11.0,11.0,10.0,11.0,,13.0,14.0,13.0,13.0,14.0,7.0,10.0,,9.9,,3.9,,2.8,,92.7,106.0,,,,,,,,,,,,,,,,,,,,,,,,,,,,,,,60.0,54.0,47.0,36.0,31.0,33.0,,,,,,,,,27.0,,28.0,26.0,,,27.0,,26.0,24.0,,,,35.0,,22.0,21.0,22.0,24.0,,13.0,,,,,14.0,,,,,,,,,,,14.0,,,92.0,96.0,58.0,55.0,34.0,25.4,,169.0,,40.0,,26.2,9.9,10.1,,13.4,,,,,,,,,,,,,,18.0,,,,,,,,,,,,,,,,,,,,,,,,,,,,,,,,,,,,,,,,,,,,,,,,,,,,,,,,,,,,,,,,,,,,,,,,,,,,,,,,,,,,,,,,,,,,,,,,,,,,,,,,,,,,,,,,,,,,,,,,,,,,,,,,,,,,,,,,,,,,,,,,,,,,,,,,,,,,,,,,,,,,,,,,,,,,,,96.0,110.0,89.0,,,121.0,,,33.9,,30.4,,44.0,,,,,,
10.5066/P9DSRCZJ,Cd,,,,,,,,,,,,,,,,,,,,,,,,,,,,,,,,,,,,,,,,,,,,,,,,,,,,,,,,,,,,,,,,,,,,,,,,,,,,,,,,,,,,,,,,,,,,,,,,,,,,,,,,,,,,,,,,,,,,,,,,,,,,,,,,,,,,,,,,,,,,,,,,,,,,,,,,,,,,,,,,,,,,,,,,,,,,,,,,,,,,,,,,,,,,,,,,,,,,,,,,,,,,,,,,,,,,,,,,,,,,,,,,,,,,,,,,,,,,,,,,,,,,,,,,,,,,,,,,,,,,,,,,,,,,,,,,,,,,,,,,,,,,,,,,,,,,,,,,,,,,,,,,,,,,,,,,,,,,,,,,,,,,,,,,,,,,,,,,,,,,,,,,,,,,,,,,,,,,,,,,,,,,,,,,,,,,,,,,,,,,,,,,,,,,,,,,,,,,,,,,,,,,,,,,,,,,,,,,,,,,,,,,,,,,,,,,,,,,,,,,,,,,,,,,,,,,,,,,,,,,,,,,,,,,,,,,,,,,,,,,,,,,,,,,,,,0.029,,,,,,,,
10.5066/P9DSRCZJ,Cl,913.0,1357.0,1104.0,1144.0,983.0,,1405.0,1153.0,,306.0,3218.0,3521.0,2.2,,,,,45.0,2311.0,5.2,2261.0,45.0,907.0,803.0,826.0,797.0,814.0,811.0,816.0,893.0,905.0,767.0,762.0,745.0,850.0,757.0,859.0,768.0,794.0,890.0,776.0,890.0,785.0,920.0,812.0,892.0,796.0,741.0,843.0,739.0,871.0,760.0,,53.0,,,873.0,46.0,49.0,52.0,50.0,66.0,,,,,,877.0,,,45.0,1315.0,2.5,2331.0,2236.0,2261.0,3764.0,3421.0,,322.0,223.0,0.4,853.0,1.4,0.3,843.0,502.0,876.0,2.3,890.0,0.3,836.0,2291.0,3.1,497.0,317.0,283.0,6.2,520.0,558.0,0.3,526.0,596.0,243.0,560.0,586.0,7.3,582.0,,444.0,0.9,,477.0,472.0,3.7,517.0,513.0,592.0,590.0,2.6,0.3,87.8,0.2,0.5,36.0,482.0,1446.0,79.9,189.0,422.0,0.1,445.0,0.2,447.0,558.0,,566.0,15.7,562.0,0.1,549.0,389.0,85.0,160.0,107.0,99.0,1.0,132.0,295.0,828.0,103.0,147.0,167.0,844.0,827.0,908.0,116.0,253.0,920.0,916.0,947.0,917.0,908.0,900.0,921.0,918.0,868.0,906.0,905.0,891.0,891.0,944.0,971.0,964.0,952.0,966.0,867.0,893.0,888.0,874.0,881.0,816.0,823.0,823.0,813.0,20.2,906.0,0.5,878.0,18.4,906.0,102.0,2911.0,3002.0,,,,,67.0,70.0,66.0,59.0,51.0,46.0,44.0,43.0,48.0,54.0,63.0,74.0,82.0,91.0,79.0,61.0,56.0,55.0,57.0,59.0,63.0,70.0,80.0,124.0,67.0,203.0,231.0,104.0,71.0,135.0,256.0,224.0,209.0,209.0,264.0,284.0,175.0,195.0,318.0,241.0,198.0,130.0,195.0,206.0,100.0,246.0,236.0,261.0,208.0,214.0,164.0,201.0,248.0,257.0,304.0,280.0,303.0,294.0,134.0,,853.0,853.0,823.0,833.0,833.0,833.0,843.0,816.0,845.0,824.0,832.0,907.0,833.0,840.0,829.0,856.0,846.0,849.0,843.0,3521.0,2593.0,2311.0,2008.0,2.1,2360.0,,5568.0,0.5,353.0,,6.1,846.0,743.0,0.5,773.0,,,,,,,,,,,,,,1305.0,,,,,,,,,,,,,,,,,,,,,,,,,,,,,,,,,,,,,,,,,,,,,,,,,,,,,,,,,,,,,,,,,,,,,,,,,,,,,,,,,,,,,,,,,,,,,,,,,,,,,,,,,,,,,,,,,,,,,,,,,,,,,,,,,,,,,,,,,,,,,,,,,,,,,,,,,,,,,,,,,,,,,,,,,,,,,,3420.0,3812.0,3825.0,,,3915.0,,,944.0,,840.0,,1305.0,1204.0,,,,,
10.5066/P9DSRCZJ,Co,,,,,,,,,,,,,,,,,,,,,,,,,,,,,,,,,,,,,,,,,,,,,,,,,,,,,,,,,,,,,,,,,,,,,,,,,,,,,,,,,,,,,,,,,,,,,,,,,,,,,,,,,,,,,,,,,,,,,,,,,,,,,,,,,,,,,,,,,,,,,,,,,,,,,,,,,,,,,,,,,,,,,,,,,,,,,,,,,,,,,,,,,,,,,,,,,,,,,,,,,,,,,,,,,,,,,,,,,,,,,,,,,,,,,,,,,,,,,,,,,,,,,,,,,,,,,,,,,,,,,,,,,,,,,,,,,,,,,,,,,,,,,,,0.001,,,,0.001,,0.001,,,,,,,,,,,,,,,,,,,,,,,,,,,,,,,,,,,,,,,,,,,,,,,,,,,,,,,,,,,,,,,,,,,,,,,,,,,,,,,,,,,,,,,,,,,,,,,,,,,,,,,,,,,,,,,,,,,,,,,,,,,,,,,,,,,,,,,,,,,,,,,,,,,,,,,,,,,,,,,,,,,,,,,,,,,,,,,,,,,,,,,,,,,,,,,,,,,,,,,,,,,,,,
10.5066/P9DSRCZJ,Cr,,,,,,,,,,,,,,,,,,,,,,,,,,,,,,,,,,,,,,,,,,,,,,,,,,,,,,,,,,,,,,,,,,,,,,,,,,,,,,,,,,,,,,,,,,,,,,,,,0.002,,,,,,,,,,,,,,,,,,,,,0.003,0.007,,0.002,,,,,,,,,,,,,,,,,,,,,,,,,,,,,,,,,,,,,,,,,,,,,,,,,,,,,,,,,,,,,,,,,,,,,,,,,,,,,,,,,,,,,,,,,,,,,,,,,,,,,,,,,,,,,,,,,,,,,,,,,,,,,,,,,,,,,,,,,,,,,,,,,,,,,,,,,,,,,,,,,,0.002,,0.075,0.002,0.001,,,,,,0.001,,,,,,,,,,,,,,,,,,,,,,,,,,,,,,,,,,,,,,,,,,,,,,,,,,,,,,,,,,,,,,,,,,,,,,,,,,,,,,,,,,,,,,,,,,,,,,,,,,,,,,,,,,,,,,,,,,,,,,,,,,,,,,,,,,,,,,,,,,,,,,,,,,,,,,,,,,,,,,,,,,,,,,,,,,,,,,,,,,,,,,,,,,,,,,,,,0.028,,,,,,,,,,,,,
10.5066/P9DSRCZJ,Cs,,0.1,0.15,0.1,0.2,,0.15,,,,0.15,0.2,,,,,,,,,,,,,,,,,,,,,,,,,,,,,,,,,,,,,,,,,,,,,,,,,,,,,,,,2.3,,,,,,,,,,,,,,,,,,,,,,,,,,,0.58,,,,0.52,0.59,0.055,0.56,0.56,,0.56,0.6,,0.53,,0.48,,,0.53,0.54,,0.68,0.71,0.8,0.91,0.15,0.035,0.15,,,,0.32,0.52,0.11,,0.45,,0.49,,0.46,0.5,,0.59,,0.61,,0.56,,,,,,,,,,,,,,,,,,,,,,,,,,,,,,,,,,,,,,,,,,,,,,0.81,,0.75,,0.87,,0.16,0.17,,,,,,,,,,,,,,,,,,,,,,,,,,,,,,,,,,,,,,,,,,,,,,,,,,,,,,,,,,,,,,,,,,,,,,,,,,,,,,,,,,,,,,,,,0.387,,0.106,,0.121,,0.002,,1.43,0.005,1.22,,,,,,,,,,,,,,,,,,,,,,,,,,,,,,,,,,,,,,,,,,,,,,,,,,,,,,,,,,,,,,,,,,,,,,,,,,,,,,,,,,,,,,,,,,,,,,,,,,,,,,,,,,,,,,,,,,,,,,,,,,,,,,,,,,,,,,,,,,,,,,,,,,,,,,,,,,,,,,,,,,,,,,,,,,,,,,,,,,,,,,,,,,,,,,,,,,,,,,,,,,,,,,
10.5066/P9DSRCZJ,Cu,,,,,0.01,,,,,,,,,,,,,,,,,,,,,,,,,,,,,,,,,,,,,,,,,,,,,,,,,,,,,,,0.03,,,,,,,,,,,,,,,,,,,,,,,,,,,,,,,,,,,,,,,,,0.025,0.016,,,,,,,,,,,,,,,,,,,0.006,0.008,,,,,,,,,,,,,,,,,,,,,,,,0.01,,,,,0.01,,,0.02,,,,,,,,,,,,,,,,,,,,,,,,,,,,0.01,,0.02,,,,,,,,,,,,,,,,,,,,,,,,,,,,,,,,,,,,,,,,,,,,,,,,,,,,,,,,,,,,,,,,,,,,,,0.02,,,,,,,,,,,,,,,,,,,,,,,,,,0.11,,,,,0.0001,0.05,0.004,,0.001,,0.001,,0.005,,,,,,,,,,,,,,,,,,,,,,,,,,,,,,,,,,,,,,,,,,,,,,,,,,,,,,,,,,,,,,,,,,,,,,,,,,,,,,,,,,,,,,,,,,,,,,,,,,,,,,,,,,,,,,,,,,,,,,,,,,,,,,,,,,,,,,,,,,,,,,,,,,,,,,,,,,,,,,,,,,,,,,,,,,,,,,,,,,,,,,,,,,,,,,,,,,,,0.01,,0.043,,,,,,,,
10.5066/P9DSRCZJ,F,7.3,5.2,6.5,5.8,7.0,,4.7,,,7.0,0.86,0.99,0.6,,,,,7.6,6.6,,6.2,0.6,3.0,2.2,2.3,3.0,2.7,2.1,2.7,3.1,2.9,2.5,2.5,2.3,3.3,2.9,3.2,2.8,1.8,2.6,2.3,3.0,2.6,2.4,2.1,3.2,2.8,2.3,3.2,2.8,3.2,2.8,,4.9,,,2.6,7.7,8.2,9.3,6.0,5.0,,,,,,2.6,,,,,0.7,5.2,5.2,6.0,4.3,1.0,,5.8,0.53,,2.77,,,2.58,,2.58,,2.64,,2.6,5.5,0.07,17.7,7.57,20.5,0.72,15.0,16.2,0.03,13.4,14.3,6.0,13.5,13.5,0.14,13.9,,14.7,0.06,,16.2,15.5,0.12,14.4,14.4,16.7,16.4,0.09,,5.45,,0.03,0.58,7.94,3.07,6.6,1.55,15.8,0.01,17.4,0.02,16.7,14.1,,14.6,0.35,15.1,,14.7,10.2,4.0,1.48,0.96,1.0,0.94,1.04,3.2,2.77,1.03,1.39,1.6,2.77,2.63,,1.23,2.03,3.07,3.27,3.13,3.07,3.07,2.97,2.99,2.99,3.33,3.33,3.23,3.45,3.19,2.83,2.99,2.9,3.09,2.87,3.2,3.2,3.09,3.29,3.07,2.2,2.15,2.15,2.19,0.06,2.13,,2.65,0.04,2.13,0.03,0.93,0.92,,,,,,,,,,,,,,,,,,,,,,,,,,,,,,,,,,,1.01,0.96,0.96,1.0,1.15,1.27,0.32,0.33,1.36,0.99,0.99,0.84,0.96,1.02,0.42,1.14,1.07,,0.98,1.02,,,,1.14,1.35,1.28,1.43,1.41,1.35,2.67,2.65,2.59,2.7,2.68,2.77,2.77,2.69,2.75,2.8,2.63,2.77,2.53,,,,2.69,2.73,2.73,2.7,1.0,1.7,1.3,0.7,0.4,6.5,,8.8,,8.3,,0.3,1.5,0.71,0.2,1.06,,,,,,,,,,,,,,8.5,,,,,,,,,,,,,,,,,,,,,,,,,,,,,,,,,,,,,,,,,,,,,,,,,,,,,,,,,,,,,,,,,,,,,,,,,,,,,,,,,,,,,,,,,,,,,,,,,,,,,,,,,,,,,,,,,,,,,,,,,,,,,,,,,,,,,,,,,,,,,,,,,,,,,,,,,,,,,,,,,,,,,,,,,,,,,,,2.5,,,,2.9,,,5.6,,5.85,,3.7,6.9,,,,,
10.5066/P9DSRCZJ,Ga,,,,,,,,,,,,,,,,,,,,,,,,,,,,,,,,,,,,,,,,,,,,,,,,,,,,,,,,,,,,,,,,,,,,,,,,,,,,,,,,,,,,,,,,,,,,,,,,,,,,,,,,,,,,,,,,,,,,,,,,,,,,,,,,,,,,,,,,,,,,,,,,,,,,,,,,,,,,,,,,,,,,,,,,,,,,,,,,,,,,,,,,,,,,,,,,,,,,,,,,,,,,,,,,,,,,,,,,,,,,,,,,,,,,,,,,,,,,,,,,,,,,,,,,,,,,,,,,,,,,,,,,,,,,,,,,,,,,,,,,,,,,,,,,,,,,,,,,,,,,,,,,,,,,,,,,,,,,,,,,,,,,,,,,,,,,,,,,,,,,,,,,,,,,,,,,,,,,,,,,,,,,,,,,,,,,,,,,,,,,,,,,,,,,,,,,,,,,,,,,,,,,,,,,,,,,,,,,,,,,,,,,,,,,,,,,,,,,,,,,,,,,,,,,,,,,,,,,,,,,,,,,,,,,,,,,,,,,,,,,,,,,,,,,,,,,,,,,,,,
10.5066/P9DSRCZJ,Ge,,,,,,,,,,,,,,,,,,,,,,,,,,,,,,,,,,,,,,,,,,,,,,,,,,,,,,,,,,,,,,,,,,,,,,,,,,,,,,,,,,,,,,,,,,,,,,,,,,,,,,,,,,,,,,,,,,,,,,,,,,,,,,,,,,,,,,,,,,,,,,,,,,,,,,,,,,,,,,,,,,,,,,,,,,,,,,,,,,,,,,,,,,,,,,,,,,,,,,,,,,,,,,,,,,,,,,,,,,,,,,,,,,,,,,,,,,,,,,,,,,,,,,,,,,,,,,,,,,,,,,,,,,,,,,,,,,,,,,,,,,,,,,,,,,,,,,,,,,,,,,,,,,,,,,,,,,,,,,,,,,,,,,,,,,,,,,,,,,,,,,,,,,,,,,,,,,,,,,,,,,,,,,,,,,,,,,,,,,,,,,,,,,,,,,,,,,,,,,,,,,,,,,,,,,,,,,,,,,,,,,,,,,,,,,,,,,,,,,,,,,,,,,,,,,,,,,,,,,,,,,,,,,,,,,,,,,,,,,,,,,,,,,,,,,,,,,,,,,,
10.5066/P9DSRCZJ,Hf,,,,,,,,,,,,,,,,,,,,,,,,,,,,,,,,,,,,,,,,,,,,,,,,,,,,,,,,,,,,,,,,,,,,,,,,,,,,,,,,,,,,,,,,,,,,,,,,,,,,,,,,,,,,,,,,,,,,,,,,,,,,,,,,,,,,,,,,,,,,,,,,,,,,,,,,,,,,,,,,,,,,,,,,,,,,,,,,,,,,,,,,,,,,,,,,,,,,,,,,,,,,,,,,,,,,,,,,,,,,,,,,,,,,,,,,,,,,,,,,,,,,,,,,,,,,,,,,,,,,,,,,,,,,,,,,,,,,,,,,,,,,,,,,,,,,,,,,,,,,,,,,,,,,,,,,,,,,,,,,,,,,,,,,,,,,,,,,,,,,,,,,,,,,,,,,,,,,,,,,,,,,,,,,,,,,,,,,,,,,,,,,,,,,,,,,,,,,,,,,,,,,,,,,,,,,,,,,,,,,,,,,,,,,,,,,,,,,,,,,,,,,,,,,,,,,,,,,,,,,,,,,,,,,,,,,,,,,,,,,,,,,,,,,,,,,,,,,,,,
10.5066/P9DSRCZJ,Hg,,0.0002,,,,,0.0001,,,0.0001,,,,,,,,,0.0004,,0.0003,,,,,,,,,,,,,,,,,,,,,,,,,,,,,,,,,,,,,,,,,,,,,,,,,,,,,,,,,,,,,,,,,,,,,,,,,,,0.00046,0.00021,0.00021,,,0.0023,,,0.039,,,0.011,,,,0.022,,0.107,0.0001,0.035,,,0.0003,,0.125,0.159,0.013,0.038,0.0039,0.076,0.00053,0.00012,0.0009,0.00014,0.0001,0.0028,0.00061,0.083,,0.00034,0.0098,,0.0106,0.00019,0.0105,0.00088,0.0094,0.085,,,,,,,0.0005,,,,,,,,,,,,,,,,,,,,,,,,,,,,,,,,,,,,,,,,,,,,,,,,,,,,,,,,,,,,,,,,,,,,,,,,,,,,,,,,,,,,,,,,,,,,,,,,,,,,,,,,,,,,,,,,,,0.0026,,,,,,,,,,,,,,,,0.0001,0.0014,,,,,,,,,,,,,,,,,,,,,,,,,,,,,,,,,,,,,,,,,,,,,,,,,,,,,,,,,,,,,,,,,,,,,,,,,,,,,,,,,,,,,,,,,,,,,,,,,,,,,,,,,,,,,,,,,,,,,,,,,,,,,,,,,,,,,,,,,,,,,,,,,,,,,,,,,,,,,,,,,,,,,,,,,,,,,,,,,,,,,,,,,,,,,,,,,,,,,,,,,,,,,,,,0.0011,,,,,,,,,,
10.5066/P9DSRCZJ,I,0.1,,,,,,,,,,,,,,,,,,,,,,,,,,,,,,,,,,,,,,,,,,,,,,,,,,,,,,,,,,,,,,,,,,,0.6,,,,,,,,,,,,,,,,,,,,,,,,,,,,,,,0.034,0.053,,0.043,0.058,,0.051,0.057,,0.055,,0.033,,,0.04,0.036,,0.044,0.039,0.051,0.052,,0.008,,,,,0.03,0.03,0.02,,0.02,,0.02,,0.03,0.03,,0.03,,0.03,,0.03,,,,,,,,,,,,,,,,,,,,,,,,,,,,,,,,,,,,,,,,,,,,,,,,,,,,,,,,,,,,,,,,,,,,,,,,,,,,,,,,,,,,,,,,,,,,,,,,,,,,,,,,,,,,,,,,,,,,,,,,,,,,,,,,,,,,,,,,,,,,4.7,,0.075,,0.0849,,,,,,,,,,,,,,,,,,,,,,,,,,,,,,,,,,,,,,,,,,,,,,,,,,,,,,,,,,,,,,,,,,,,,,,,,,,,,,,,,,,,,,,,,,,,,,,,,,,,,,,,,,,,,,,,,,,,,,,,,,,,,,,,,,,,,,,,,,,,,,,,,,,,,,,,,,,,,,,,,,,,,,,,,,,,,,,,,,,,,,,,,,,,,,,,,,,,,,,,,,,,,,,,,,,,,,
10.5066/P9DSRCZJ,K,62.0,90.0,67.0,36.0,62.0,,40.0,,135.0,36.0,211.0,246.0,8.0,,,,,12.0,251.0,0.4,241.0,111.0,58.0,59.0,61.0,60.0,54.0,56.0,59.0,77.0,79.0,49.0,57.0,56.0,62.0,56.0,61.0,55.0,78.0,86.0,75.0,90.0,79.0,87.0,77.0,87.0,78.0,70.0,74.0,65.0,79.0,69.0,,7.1,,,39.0,12.0,13.0,,9.0,10.0,,,,,,65.0,,,111.0,89.0,8.9,121.0,111.0,241.0,251.0,233.0,,34.7,22.0,0.1,64.0,1.8,0.5,80.0,,88.0,0.2,86.6,0.1,62.3,79.0,,72.0,26.0,24.8,2.4,72.0,75.5,1.0,69.7,74.7,28.7,71.0,72.4,3.2,77.5,,67.0,0.8,,69.0,70.4,1.9,66.6,67.8,74.0,77.1,2.3,0.2,13.1,0.7,0.3,2.8,41.5,87.2,17.2,6.8,60.4,0.3,66.9,0.3,68.0,75.8,0.2,75.4,2.2,77.0,0.1,77.0,51.6,11.6,14.0,11.0,12.0,12.0,12.0,23.0,54.0,13.0,15.0,13.0,53.0,,,14.0,19.0,80.0,77.0,79.0,70.0,76.0,77.0,72.0,67.0,58.0,63.0,64.0,62.0,61.0,89.0,93.0,92.0,86.0,93.0,70.0,73.0,68.0,68.0,75.0,64.0,68.0,62.0,63.0,,86.2,,71.0,,91.0,,173.0,175.0,,,,,,,,,,,,,,,,,,,,,,,,,,,,,,,18.0,8.0,7.0,14.0,20.0,18.0,,,,,,,,,17.0,,18.0,19.0,9.0,,19.0,,18.0,18.0,,,,22.0,,22.0,25.0,24.0,13.0,,59.0,,,,,60.0,,,,,,,,,,,56.0,,,246.0,161.0,131.0,,4.8,186.0,,372.0,0.6,33.4,,11.4,54.7,60.3,,56.3,,,,,,,,,,,,,,67.0,,,,,,,,,,,,,,,,,,,,,,,,,,,,,,,,,,,,,,,,,,,,,,,,,,,,,,,,,,,,,,,,,,,,,,,,,,,,,,,,,,,,,,,,,,,,,,,,,,,,,,,,,,,,,,,,,,,,,,,,,,,,,,,,,,,,,,,,,,,,,,,,,,,,,,,,,,,,,,,,,,,,,,,,,,,,,,121.0,171.0,131.0,,,141.0,,,58.6,,84.0,,92.0,,,,,,
10.5066/P9DSRCZJ,Li,1.3,2.0,2.0,1.5,1.6,,1.6,,,,3.4,4.0,,,,,,0.25,,,,0.85,6.1,6.4,6.2,7.0,6.3,5.6,7.2,7.6,7.1,5.2,5.4,5.9,6.1,5.4,6.1,5.4,7.1,7.4,6.5,8.1,7.2,7.1,6.2,7.0,6.2,6.2,6.4,5.6,6.9,6.0,,,,,0.083,0.35,,,,,,,,1.8,,1.3,,0.161,,,0.06,,,,3.0,3.8,,,1.98,,6.1,,,6.98,,7.95,,7.48,,6.61,1.7,,2.3,1.65,1.17,0.09,2.5,2.58,,2.3,2.46,,2.47,2.44,,2.49,,2.23,,,2.27,2.25,,2.25,2.3,2.62,2.54,0.02,0.01,0.7,0.01,,0.07,1.06,4.91,0.49,0.07,2.28,,2.22,0.01,2.29,2.59,,2.54,0.05,2.44,,2.4,1.63,0.48,1.75,1.25,1.25,1.35,1.55,3.1,,1.3,1.7,1.65,6.4,,,,2.6,,,6.97,7.2,6.7,6.6,6.6,6.27,,,,,5.8,,,,,7.6,,,,,6.7,,,,,,6.77,,6.15,,6.51,,2.8,2.8,,,,,,,,,,,,,,,,,,,,,,,,,,,,,,,,,,,,,,,,,,,,,,,,,,,,,,,,,,,,2.39,,,,,,,,,,,,,,,,,,,,,,,,4.0,2.6,2.3,1.7,0.02,4.21,,2.3,0.142,0.145,,,,0.266,0.0066,4.98,,,,,,,,,,,,,,2.0,,,,,,,,,,,,,,,,,,,,,,,,,,,,,,,,,,,,,,,,,,,,,,,,,,,,,,,,,,,,,,,,,,,,,,,,,,,,,,,,,,,,,,,,,,,,,,,,,,,,,,,,,,,,,,,,,,,,,,,,,,,,,,,,,,,,,,,,,,,,,,,,,,,,,,,,,,,,,,,,,,,,,,,,,,,,,,2.5,2.9,2.5,,,3.1,,,1.68,,1.29,,,,,,,,
10.5066/P9DSRCZJ,Mg,,28.0,0.1,0.3,0.2,,0.4,,,,0.6,0.7,9.2,,,,,8.7,2.5,0.1,3.6,1.0,0.1,0.2,0.3,0.2,0.2,0.2,0.2,,,,,,,,,,,0.1,0.1,0.1,,0.2,0.2,,,,,,,,,0.3,,,2.0,,1.0,,,,,,,,,,,,,,9.2,0.2,0.2,4.0,0.2,0.4,,1.1,,,,,,,,,,0.1,,,0.1,,,5.3,0.6,0.2,,,,,,,,,,,,,,,,,,,,,,,,,0.1,,,,0.4,0.4,64.3,,,,0.1,,,,,,,,,,0.9,6.0,7.0,7.0,7.0,7.0,4.0,,7.0,7.0,6.0,,,,6.0,6.0,,,,,,,,,,,,,,,,,,,,,,,,,,,,,,,,,,,0.5,0.5,,,,,,,,,,,,,,,,,,,,,,,,,,,,,,,9.0,10.0,12.0,10.0,9.0,,,,,,,,,,7.0,,8.0,7.0,,,7.0,,7.0,6.0,,,,7.0,,6.0,6.0,6.0,6.0,,,,,,,,,,,,,,,,,,,,,0.7,,0.6,0.1,10.0,3.5,,,,0.4,,11.4,,,,,,,,,,,,,,,,,,2.1,,,,,,,,,,,,,,,,,,,,,,,,,,,,,,,,,,,,,,,,,,,,,,,,,,,,,,,,,,,,,,,,,,,,,,,,,,,,,,,,,,,,,,,,,,,,,,,,,,,,,,,,,,,,,,,,,,,,,,,,,,,,,,,,,,,,,,,,,,,,,,,,,,,,,,,,,,,,,,,,,,,,,,,,,,,,,,8.1,4.5,11.0,,,4.6,,,0.1,,,,,,,,,,
10.5066/P9DSRCZJ,Mn,,,0.01,0.02,,,0.02,,,,,0.11,,,,,,,0.01,,0.01,,,,,,,,,,,,,,,,,,,,,,,,,,,,,,,,,,,,,,,,,,,,,,,,,,,,,,,,,,,,,,,,,,,,,,,,,,,0.14,0.009,0.002,0.004,0.003,0.016,,,,,,,,,,,,,,,,,,,0.006,0.009,0.015,,,,0.017,0.12,0.007,0.44,,,,,,,,,,,,,,,,,0.01,,,,0.04,0.01,,,0.05,,,,,,,,,,,,,,,,,,,,,,,,,,,,0.04,0.02,0.01,0.01,,,,,,,,0.06,0.09,,,,,,,,,,,,,,,,,,,,,,,,,,,,,,,,,,,,,,,,,,,,,,,,,,,,,,,,,,,,0.05,,,,,0.02,,,,,0.03,,,,,,,,,,,0.04,,,,,0.03,0.016,,0.01,,0.301,0.278,0.0729,,0.0014,0.02,0.017,0.005,0.01,,,,,,,,,,,,,,,,,,,,,,,,,,,,,,,,,,,,,,,,,,,,,,,,,,,,,,,,,,,,,,,,,,,,,,,,,,,,,,,,,,,,,,,,,,,,,,,,,,,,,,,,,,,,,,,,,,,,,,,,,,,,,,,,,,,,,,,,,,,,,,,,,,,,,,,,,,,,,,,,,,,,,,,,,,,,,,,,,,,,,,,,,,,,0.078,0.029,0.075,,,0.12,,,,,,,0.01,,,,,,
10.5066/P9DSRCZJ,Mo,,,,,,,,,,,,,,,,,,,,,,,,,,,,,,,,,,,,,,,,,,,,,,,,,,,,,,,,,,,,,,,,,,,,,,,,,,,,,,,,,,,,,,,,,,,,,,,,0.15,,,0.06,0.07,,0.04,0.1,,0.08,0.11,,0.12,,0.023,,,0.023,0.026,,0.07,0.06,0.07,0.08,0.002,0.006,0.31,,,,,,0.01,,0.03,,0.05,,0.05,0.05,,0.06,,0.04,,0.08,,,,,,,,,,,,,,,,,,,,,,,,,,,,,,,,,,,,,,,,,,,,,,,,,,,,,,,,,,,,,,,,,,,,,,,,,,,,,,,,,,,,,,,,,,,,,,,,,,,,,,,,,,,,,,,,,,,,,,,,,,,,,,,,,,,,,,,,,,,,,,0.0038,,0.0029,,0.017,,0.004,,0.005,0.001,0.029,,,,,,,,,,,,,,,,,,,,,,,,,,,,,,,,,,,,,,,,,,,,,,,,,,,,,,,,,,,,,,,,,,,,,,,,,,,,,,,,,,,,,,,,,,,,,,,,,,,,,,,,,,,,,,,,,,,,,,,,,,,,,,,,,,,,,,,,,,,,,,,,,,,,,,,,,,,,,,,,,,,,,,,,,,,,,,,,,,,,,,,,,,,,0.032,0.082,0.026,,,0.028,,,0.07,,,,,,,,,,
10.5066/P9DSRCZJ,N,,,,,,,,,,,,,,,,,,,,,,,,,,,,,,,,,,,,,,,,,,,,,,,,,,,,,,,,,,,,,,,,,,,,,,,,,,,,,,,,,,,,,,,,,,,,,,,,,,,,,,,,,,,,,,,,,,,,,,,,,,,,,,,,,,,,,,,,,,,,,,,,,,,,,,,,,,,,,,,,,,,,,,,,,,,,,,,,,,,,,,,,,,,,,,,,,,,,,,,,,,,,,,,,,,,,,,,,,,,,,,,,,,,,,,,,,,,,,,,,,,,,,,,,,,,,,,,,,,,,,,,,,,,,,,,,,,,,,,,,,,,,,,,,,,,,,,,,,,,,,,,,,,,,,,,,,,,,,,,,,,,,,,,,,,,,,,,,,,,,,,,,,,,,,,,,,,,,,,,,,,,,,,,,,,,,,,,,,,,,,,,,,,,,,,,,,,,,,,,,,,,,,,,,,,,,,,,,,,,,,,,,,,,,,,,,,,,,,,,,,,,,,,,,,,,,,,,,,,,,,,,,,,,,,,,,,,,,,,,,,,,,,,,,,,,,,,,,,,,
10.5066/P9DSRCZJ,NO2,,,,,,,,,,,,,,,,,,,,,,,,,,,,,,,,,,,,,,,,,,,,,,,,,,,,,,,,,,,,,,,,,,,,,,,,,,,,,,,,,,,,,,,,,,,,,,,,,,0.05,,,,,,,,,,,,,,,,,,,,,,,,,0.03,,,,,,,,,,,,,,,,,,,,,,,,,,,,,,,,,,,,,,,,,,,,,,,,,,,,,,,,,,,,,,,,,,,,,,,,,,,,,,,,,,,,,,,,,,,,,,,,,,,,,,,,,,,,,,,,,,,,,,,,,,,,,,,,,,,,,,,,,,,,,,,,,,,,,,,,,,,,,,,,,,,,,,,,,,,,,,,,,,,,,,,,,,,,,,,,,,,,,,,,,,,,,,,,,,,,,,,,,,,,,,,,,,,,,,,,,,,,,,,,,,,,,,,,,,,,,,,,,,,,,,,,,,,,,,,,,,,,,,,,,,,,,,,,,,,,,,,,,,,,,,,,,,,,,,,,,,,,,,,,,,,,,,,,,,,,,,,,,,,,,,,,,,,,,,,,,,,,,,,,,,,,,,,,,,,,,,,,
10.5066/P9DSRCZJ,NO3,,,,,,,,,,,,,,,,,,,,,,,,,,,,,,,,,,,,,,,,,,,,,,,,,,,,,,,,,2.1,,,,,,,,,,,2.7,,,,,,,,,,,,,,,,,,,,,0.12,,0.15,0.02,,,,0.53,0.25,0.86,4.02,0.11,,0.19,,,,,,,,,,,,,,7.1,7.37,,,0.05,,0.54,0.08,0.03,,,,,0.03,,,,,,,,,,,,,,,,,,,,,,,,,,,,,,,,,,,,,,,,,,,,,,,,,,,,,,,0.1,,,,,,,,0.04,,,,,,,35.4,,,,31.0,,,21.7,,,31.5,,,35.2,,,18.4,,,18.9,,,20.3,,,4.7,4.1,10.7,14.8,3.3,4.3,3.9,,,,,,,,,,,,,,,,,,,,,,,,,,,,,0.1,,,,,,,,,,,,,,,,,,,,,,,,0.1,,,,0.1,,0.1,,0.1,0.2,0.1,,,,,,,,,,,,,,0.2,,,,,,,,,,,,,,,,,,,,,,,,,,,,,,,,,,,,,,,,,,,,,,,,,,,,,,,,,,,,,,,,,,,,,,,,,,,,,,,,,,,,,,,,,,,,,,,,,,,,,,,,,,,,,,,,,,,,,,,,,,,,,,,,,,,,,,,,,,,,,,,,,,,,,,,,,,,,,,,,,,,,,,,,,,,,,,,,,,,,,,,,0.13,,,,,,,,
10.5066/P9DSRCZJ,NH4,0.5,,0.15,0.43,,0.54,0.45,,,,4.0,4.6,,,,,,0.08,1.8,9.1,1.8,,,,,,,,,,,,,,,,,,,,,,,,,,,,,,,,,,,,,,,,,3.2,,,,,,,,,,,,,,,,,,,0.7,,0.15,,,0.13,,0.22,1.57,0.27,1.52,0.27,,11.4,1.46,,,,2.9,0.91,14.6,2.14,1.89,11.6,1.83,1.87,12.3,1.82,,1.8,14.25,,1.65,1.64,13.1,3.23,3.24,0.76,0.81,13.11,18.62,9.98,12.9129429,12.02383991,14.7180811,2.31432848,2.08980066,2.032154117,0.04,1.546216783,13.40806686,1.51607003,12.34431852,1.493051573,1.564771977,13.78262623,1.973793858,15.69475749,1.98940069,1.995323918,2.15228983,7.232473781,11.28708154,,,,,,,,,,,,,,,,,,,,,,,,,,,,,,,,,,,,,,,,,,,0.94,0.14,0.75,0.1,0.96,0.15,11.9,2.14,2.05,,,,,,,,,,,,,,,,,,,,,,,,,,,,,,,,,,,,,,,,,,,,,,,,,,,,,,,,,,,,,,,,,,,,,,,,,,,,,,,,,,,,,,,,,,,,,,,,,,,,,,,,,,,,,,,,,,,,,,,,,,,,,,,,,,,,,,,,,,,,,,,,,,,,,,,,,,,,,,,,,,,,,,,,,,,,,,,,,,,,,,,,,,,,,,,,,,,,,,,,,,,,,,,,,,,,,,,,,,,,,,,,,,,,,,,,,,,,,,,,,,,,,,,,,,,,,,,,,,,,,,,,,,,,,,,,,,,,,,,,,,,,,,,,,,,,,,,0.56,,,,,,,,,,
10.5066/P9DSRCZJ,Na,733.0,1156.0,903.0,853.0,763.0,,1004.0,,1304.0,386.0,1810.0,2062.0,19.0,,,,,277.0,1407.0,1.7,1356.0,213.0,692.0,630.0,626.0,617.0,638.0,640.0,643.0,711.0,696.0,586.0,617.0,571.0,659.0,588.0,688.0,616.0,602.0,694.0,606.0,675.0,596.0,693.0,612.0,667.0,595.0,592.0,641.0,562.0,628.0,549.0,,249.0,,,705.0,292.0,314.0,,215.0,221.0,,,,,,662.0,,,212.0,1044.0,18.0,1407.0,1304.0,1357.0,2244.0,2012.0,,364.0,168.0,0.2,690.0,6.1,1.0,672.0,344.0,843.0,0.9,695.0,0.2,641.0,1206.0,2.7,464.0,411.0,282.0,18.7,472.0,508.0,1.1,476.0,510.0,194.0,498.0,502.0,6.8,502.0,,424.0,1.5,,432.0,431.0,6.4,435.0,451.0,499.0,501.0,4.2,0.3,95.7,0.7,0.9,31.0,432.9,879.9,514.8,179.8,431.0,0.4,430.0,0.6,448.0,499.0,0.1,492.9,13.2,511.1,0.3,499.0,344.5,88.0,166.0,118.0,121.0,127.0,132.0,254.0,615.0,127.0,157.0,148.0,620.0,,,134.0,233.0,715.0,748.0,721.0,770.0,758.0,714.0,715.0,707.0,662.0,669.0,662.0,699.0,671.0,675.0,723.0,719.0,700.0,731.0,641.0,669.0,646.0,663.0,655.0,652.0,645.0,634.0,651.0,15.6,682.0,0.4,669.0,14.3,717.0,63.4,1689.0,1689.0,,,,,,,,,,,,,,,,,,,,,,,,,,,,,,,135.0,72.0,61.0,132.0,212.0,185.0,,,,,,,,,175.0,,186.0,194.0,98.0,,203.0,,186.0,188.0,,,,241.0,,231.0,245.0,255.0,157.0,,624.0,,,,,634.0,,,,,,,,,,,626.0,,,2082.0,1507.0,1306.0,1205.0,8.0,1566.0,,3427.0,0.3,440.0,,7.2,695.0,669.0,0.4,607.0,,,,,,,,,,,,,,1004.0,,,,,,,,,,,,,,,,,,,,,,,,,,,,,,,,,,,,,,,,,,,,,,,,,,,,,,,,,,,,,,,,,,,,,,,,,,,,,,,,,,,,,,,,,,,,,,,,,,,,,,,,,,,,,,,,,,,,,,,,,,,,,,,,,,,,,,,,,,,,,,,,,,,,,,,,,,,,,,,,,,,,,,,,,,,,,,2012.0,2307.0,2214.0,,,2315.0,,,735.0,,735.5,,944.0,,,,,,
10.5066/P9DSRCZJ,Ni,,,,,,,,,,,,,,,,,,,,,,,,,,,,,,,,,,,,,,,,,,,,,,,,,,,,,,,,,,,,,,,,,,,,,,,,,,,,,,,,,,,,,,,,,,,,,,,,,,,,,3.76,,,,,,,0.033,,,,,,,,,,,,,0.011,,,,,,,,,,,,,,,,,,,,,,,,,,,,,,,,,,,,,,,,,,,,,,,,,,,,,,,,,,,,,,,,,,,,,,,,,,,,,,,,,,,,,,,,,,,,,,,,,,,,,,,,,,,,,,,,,,,,,,,,,,,,,,,,,,,,,,,,,,,,,,,,,,,,,,,,,,,,,,,,,,0.0092,,,0.099,0.0278,,0.0045,182.0,,,0.035,,,,,,,,,,,,,,,,,,,,,,,,,,,,,,,,,,,,,,,,,,,,,,,,,,,,,,,,,,,,,,,,,,,,,,,,,,,,,,,,,,,,,,,,,,,,,,,,,,,,,,,,,,,,,,,,,,,,,,,,,,,,,,,,,,,,,,,,,,,,,,,,,,,,,,,,,,,,,,,,,,,,,,,,,,,,,,,,,,,,,,,,,,,,,0.017,0.005,,,,,,,,,,,,,,,,
10.5066/P9DSRCZJ,P,,,,,,,,,,,,,,,,,,,,,,,,,,,,,,,,,,,,,,,,,,,,,,,,,,,,,,,,,,,,,,,,,,,,,,,,,,,,,,,,,,,,,,,,,,,,,,,,,,,,,,,,,,,,,,,,,,,,,,,,,,,,,,,,,,,,,,,,,,,,,,,,,,,,,,,,,,,,,,,,,,,,,,,,,,,,,,,,,,,,,,,,,,,,,,,,,,,,,,,,,,,,,,,,,,,,,,,,,,,,,,,,,,,,,,,,,,,,,,,,,,,,,,,,,,,,,,,,,,,,,,,,,,,,,,,,,,,,,,,,,,,,,,,,,,,,,,,,,,,,,,,,,,,,,,,,,,,,,,,,,,,,,,,,,,,,,,,,,,,,,,,,,,,,,,,,,,,,,,,,,,,,,,,,,,,,,,,,,,,,,,,,,,,,,,,,,,,,,,,,,,,,,,,,,,,,,,,,,,,,,,,,,,,,,,,,,,,,,,,,,,,,,,,,,,,,,,,,,,,,,,,,,,,,,,,,,,,,,,,,,,,,,,,,,,,,,,,,,,,
10.5066/P9DSRCZJ,PO4,0.26,,,,,,,,,,,,,,,,,0.07,,,,,,,,,,,,,,,,,,,,,,,,,,,,,,,,,,,,,,,,0.09,0.14,,,,,,,,,0.24,,,,,,,,,,,,,,,,,,,,,,,,,,,,,1.56,,,,,,,,,,,,,,,,,,,,,,,,,,,,,,,,,,,,,,,,,,,,,,,,,,,,,,,,,,,,,,,,,,,,,,,,,,,,,,,,,,,,,,,,,,,,,,0.12,,,,,,,,,,,,,,,,,,,,,,,,,,,,,,,,,,,,,,,,,,,,,,,,,,,,,,,,,,,,,,,,,,,,,,,,,,,,,,,,,,,,,,,,,,,,,,,,,,,,,,,,,,,,,,,,,,,,,,,,,,,,,,,,,,,,,,,,,,,,,,,,,,,,,,,,,,,,,,,,,,,,,,,,,,,,,,,,,,,,,,,,,,,,,,,,,,,,,,,,,,,,,,,,,,,,,,,,,,,,,,,,,,,,,,,,,,,,,,,,,,,,,,,,,,,,,,,,,,,,,,,,,,,,,,,,,,,,,,,,,,,,,,,,,,,,,,,,,,,,,,,,,,,,
10.5066/P9DSRCZJ,Pb,,,,,,,,,,,,,,,,,,,,,,,,,,,,,,,,,,,,,,,,,,,,,,,,,,,,,,,,,,,,,,,,,,,,,,,,,,,,,,,,,,,,,,,,,,,,,,,,,,,,,0.002,,0.002,,0.002,0.002,,0.002,,0.002,,,,0.002,,0.002,0.002,0.002,0.002,,,,,,,,,,,,,,,,,,,,,,,,,,,,,,,,,,,,,,,,,,,,,,,,,,,,,,,,,,,,,,,,,,,,,,,,,,,,,,,,,,,,,,,,,,,,,,,,,,,,,,,,,,,,,,,,,,,,,,,,,,,,,,,,,,,,,,,,,,,,,,,,,,,,,,,,,,,,,,,,,,,,,,,,,,,,,,,,,,,,,,,,,,,,,,,,,,,,,,,,,,,,,,,,,,,,,,,,,,,,,,,,,,,,,,,,,,,,,,,,,,,,,,,,,,,,,,,,,,,,,,,,,,,,,,,,,,,,,,,,,,,,,,,,,,,,,,,,,,,,,,,,,,,,,,,,,,,,,,,,,,,,,,,,,,,,,,,,,,,,,,,,,,,,,,,,,,,,,,,,,,,,,,,,,,,,,,0.0063,,,,,,
10.5066/P9DSRCZJ,Rb,,0.36,0.46,0.27,0.43,,0.25,,,,1.0,1.1,,,,,,,,,,,,,,,,,,,,,,,,,,,,,,,,,,,,,,,,,,,,,,,,,,,,,,,,1.1,,,,,,,,,,,,,,,,,,,,,,,,,,,0.71,,,,0.57,0.61,0.03,0.53,0.61,,0.69,0.64,,0.61,,0.57,,,0.58,0.61,,0.55,0.62,0.72,0.72,0.057,0.008,0.11,,,,0.28,0.8,0.065,0.007,0.55,,0.57,,0.62,0.62,,0.6,,0.62,,0.62,,,,,,,,,,,,,,,,,,,,,,,,,,,,,,,,,,,,,,,,,,,,,,0.61,,0.5,,0.61,,0.97,0.98,,,,,,,,,,,,,,,,,,,,,,,,,,,,,,,,,,,,,,,,,,,,,,,,,,,,,,,,,,,,,,,,,,,,,,,,,,,,,,,,,,,,,,,,,1.02,,0.6328,0.0061,,,,,,,,,,,,,,,,,,,,,,,,,,,,,,,,,,,,,,,,,,,,,,,,,,,,,,,,,,,,,,,,,,,,,,,,,,,,,,,,,,,,,,,,,,,,,,,,,,,,,,,,,,,,,,,,,,,,,,,,,,,,,,,,,,,,,,,,,,,,,,,,,,,,,,,,,,,,,,,,,,,,,,,,,,,,,,,,,,,,,,,,,,,,,,,,,,,,,,,,,,,0.44,,,,,,,,,,
10.5066/P9DSRCZJ,S,,,,,,,,,,,,,,,,,,,,,,,,,,,,,,,,,,,,,,,,,,,,,,,,,,,,,,,,,,,,,,,,,,,,,,,,,,,,,,,,,,,,,,,,,,,,,,,,,,,0.53,0.71,,0.6,11.3117507,,14.3,12.2,,10.8,,25.8,,,19.0,17.6,,5.46,5.66,6.8,6.4,,,,,,,1.055982025,0.876457546,0.028896815,,1.174566613,,1.293499173,,1.494073027,0.253319002,,0.39624163,,0.199368566,,0.324627981,,,,,,,,,,,,,,,,,,,,,,,,,,,,,,,,,,,,,,,,,,,,,,,,,,,,,,,,,,,,,,,,,,,,,,,,,,,,,,,,,,,,,,,,,,,,,,,,,,,,,,,,,,,,,,,,,,,,,,,,,,,,,,,,,,,,,,,,,,,,,,,,,,,,,,,,,,,,,,,,,,,,,,,,,,,,,,,,,,,,,,,,,,,,,,,,,,,,,,,,,,,,,,,,,,,,,,,,,,,,,,,,,,,,,,,,,,,,,,,,,,,,,,,,,,,,,,,,,,,,,,,,,,,,,,,,,,,,,,,,,,,,,,,,,,,,,,,,,,,,,,,,,,,,,,,,,,,,,,,,,,,,,,,,,,,,,,,,,,,,,,,,,,,,,,,,,,,,,,
10.5066/P9DSRCZJ,SO4,316.0,1357.0,512.0,321.0,351.0,,271.0,,,125.0,65.0,60.0,23.0,,,,,567.0,24.0,,18.0,820.0,130.0,127.0,126.0,122.0,124.0,,112.0,119.0,117.0,110.0,115.0,112.0,114.0,102.0,128.0,115.0,89.0,102.0,89.0,92.0,81.0,100.0,88.0,103.0,92.0,104.0,111.0,97.0,116.0,101.0,,420.0,,,112.0,598.0,644.0,762.0,89.0,91.0,,,,,,108.0,,,,,22.0,221.0,212.0,18.0,70.0,48.0,,118.0,25.0,,127.0,,,116.0,,146.0,1.3,129.0,1.2,130.0,301.0,3.4,226.0,241.0,135.0,11.5,214.0,227.0,1.3,202.0,208.0,88.7,207.0,205.0,2.7,204.0,,184.0,2.5,,192.0,200.0,7.3,197.0,199.0,223.0,223.0,3.2,1.5,78.0,2.9,2.5,16.9,196.0,80.5,220.0,335.0,184.0,2.9,198.0,14.2,200.0,205.0,2.7,210.0,7.4,215.0,2.6,211.0,138.0,54.3,47.0,36.0,34.0,1.0,40.0,65.0,129.0,33.0,43.0,49.0,118.0,130.0,146.0,40.0,58.0,143.0,111.0,120.0,112.0,131.0,114.0,124.0,123.0,130.0,129.0,150.0,113.0,112.0,106.0,111.0,140.0,92.0,95.0,117.0,121.0,138.0,103.0,103.0,115.0,123.0,111.0,114.0,3.3,111.0,0.9,124.0,3.5,109.0,3.5,71.7,72.6,,,,,35.0,38.0,40.0,40.0,35.0,29.0,26.0,26.0,27.0,31.0,34.0,37.0,40.0,40.0,39.0,30.0,25.0,24.0,23.0,23.0,26.0,30.0,29.0,34.0,22.0,39.0,41.0,26.0,20.0,37.0,52.0,47.0,49.0,47.0,57.0,58.0,39.0,40.0,40.0,52.0,44.0,24.0,46.0,46.0,26.0,53.0,45.0,51.0,47.0,45.0,42.0,46.0,48.0,63.0,66.0,56.0,58.0,57.0,46.0,133.0,131.0,144.0,139.0,131.0,133.0,133.0,121.0,123.0,125.0,124.0,139.0,132.0,145.0,132.0,126.0,147.0,147.0,133.0,124.0,60.0,121.0,62.0,,23.0,121.0,,108.0,3.0,467.0,,14.9,,197.0,0.6,135.0,,,,,,,,,,,,,,301.0,,,,,,,,,,,,,,,,,,,,,,,,,,,,,,,,,,,,,,,,,,,,,,,,,,,,,,,,,,,,,,,,,,,,,,,,,,,,,,,,,,,,,,,,,,,,,,,,,,,,,,,,,,,,,,,,,,,,,,,,,,,,,,,,,,,,,,,,,,,,,,,,,,,,,,,,,,,,,,,,,,,,,,,,,,,,,,116.0,100.0,121.0,,,92.0,,,366.0,,415.0,,552.0,,,,,,
10.5066/P9DSRCZJ,Sb,,,,,,,,,,,,,,,,,,,,,,,,,,,,,,,,,,,,,,,,,,,,,,,,,,,,,,,,,,,,,,,,,,,,,,,,,,,,,,,,,,,,,,,,,,,,,,,,,,,0.12,0.015,0.0011,0.088,0.0082,,0.0013,0.0069,,0.0046,,0.011,,,0.005,0.0086,,0.0084,0.0081,0.15,0.022,0.003,0.012,0.012,,,,,,,,,,,,,,,,,,,,,,0.011,0.01,0.013,0.01,0.008,0.009,,0.04,0.012,0.011,0.429,,,,0.009,,,0.96,0.658,0.37,0.469,0.154,0.379,,,,,0.302,,,,,0.681,,,,,0.169,,,,,,,,,,,,,,,,,,,,,,,,,,,,,,,,,,,,,,,,,,,,,,,,,,,,,,,,,,,,,,,,,,,,,,,,,0.009,,,,,,,,,,,,,,,,,,,,,,,,,,,,,0.029,,0.0098,,0.0108,,,,0.538,0.003,0.239,,,,,,,,,,,,,,,,,,,,,,,,,,,,,,,,,,,,,,,,,,,,,,,,,,,,,,,,,,,,,,,,,,,,,,,,,,,,,,,,,,,,,,,,,,,,,,,,,,,,,,,,,,,,,,,,,,,,,,,,,,,,,,,,,,,,,,,,,,,,,,,,,,,,,,,,,,,,,,,,,,,,,,,,,,,,,,,,,,,,,,,,,,,,0.059,0.026,0.006,,,,,,,,,,,,,,,,
10.5066/P9DSRCZJ,Sc,,,,,,,,,,,,,,,,,,,,,,,,,,,,,,,,,,,,,,,,,,,,,,,,,,,,,,,,,,,,,,,,,,,,,,,,,,,,,,,,,,,,,,,,,,,,,,,,,,,,,,,,,,,,,,,,,,,,,,,,,,,,,,,,,,,,,,,,,,,,,,,,,,,,,,,,,,,,,,,,,,,,,,,,,,,,,,,,,,,,,,,,,,,,,,,,,,,,,,,,,,,,,,,,,,,,,,,,,,,,,,,,,,,,,,,,,,,,,,,,,,,,,,,,,,,,,,,,,,,,,,,,,,,,,,,,,,,,,,,,,,,,,,,,,,,,,,,,,,,,,,,,,,,,,,,,,,,,,,,,,,,,,,,,,,,,,,,,,,,,,,,,,,,,,,,,,,,,,,,,,,,,,,,,,,,,,,,,,,,,,,,,,,,,,,,,,,,,,,,,,,,,,,,,,,,,,,,,,,,,,,,,,,,,,,,,,,,,,,,,,,,,,,,,,,,,,,,,,,,,,,,,,,,,,,,,,,,,,,,,,,,,,,,,,,,,,,,,,,,
10.5066/P9DSRCZJ,Se,,,,,,,,,,,,,,,,,,,,,,,,,,,,,,,,,,,,,,,,,,,,,,,,,,,,,,,,,,,,,,,,,,,,,,,,,,,,,,,,,,,,,,,,,,,,,,,,,,,,,,,,,,,,,,,,,,,,,,,,,,,,,,,,,,,,,,,,,,,,,,,,,,,,,,,,,,,,,,,,,,,,,,,,,,,,,,,,,,,,,,,,,,,,,,,,,,,,,,,,,,,,,,,,,,,,,,,,,,,,,,,,,,,,,,,,,,,,,,,,,,,,,,,,,,,,,,,,,,,,,,,,,,,,,,,,,,,,,,,,,,,0.0072,,0.041,0.0022,0.004,,,,0.009,,0.008,,,,,,,,,,,,,,,,,,,,,,,,,,,,,,,,,,,,,,,,,,,,,,,,,,,,,,,,,,,,,,,,,,,,,,,,,,,,,,,,,,,,,,,,,,,,,,,,,,,,,,,,,,,,,,,,,,,,,,,,,,,,,,,,,,,,,,,,,,,,,,,,,,,,,,,,,,,,,,,,,,,,,,,,,,,,,,,,,,,,,,,,,,,,,,,,,,,,0.0006,,,,,,,,,,
10.5066/P9DSRCZJ,Si,76.0,41.0,68.0,55.0,80.0,,50.0,,,128.0,80.0,98.0,7.0,,,,,33.0,125.0,,115.0,35.0,113.0,83.0,83.0,86.0,78.0,82.0,89.0,125.0,127.0,96.0,95.0,96.0,107.0,96.0,102.0,91.0,116.0,142.0,124.0,141.0,124.0,134.0,118.0,130.0,116.0,105.0,122.0,107.0,118.0,103.0,,35.0,,,73.0,33.0,36.0,,110.0,110.0,,,,,,105.0,,,,,7.0,70.0,68.0,115.0,108.0,96.0,,114.0,32.0,,106.0,,,119.0,,127.0,,143.0,,107.0,,1.0,214.0,14.0,40.0,2.0,201.0,207.0,2.0,199.0,195.0,,195.0,197.0,,197.0,,211.0,,,208.0,216.0,,193.0,188.0,211.0,201.0,1.0,1.0,19.0,,,7.0,95.0,109.0,58.0,1.0,192.0,2.0,186.0,2.0,185.0,182.0,,178.0,5.0,173.0,1.0,174.0,114.0,20.0,30.0,27.0,28.0,28.0,27.0,39.0,79.0,28.0,31.0,30.0,74.0,73.0,66.0,29.0,36.0,129.0,125.0,128.0,122.0,123.0,126.0,132.0,118.0,110.0,110.0,106.0,104.0,115.0,146.0,142.0,149.0,140.0,150.0,123.0,117.0,121.0,120.0,123.0,110.0,109.0,109.0,111.0,3.0,150.0,,125.0,3.0,154.0,3.0,90.0,92.0,,,,,,,,,,,,,,,,,,,,,,,,,,,,,,,31.0,23.0,21.0,29.0,34.0,30.0,,,,,,,,,31.0,,32.0,33.0,23.0,,33.0,,32.0,32.0,,,,36.0,,35.0,36.0,36.0,31.0,,88.0,,,,,87.0,,,,84.0,83.0,,,,,,82.0,,,98.0,80.0,74.0,64.0,7.0,111.0,,90.0,,60.0,,9.0,,139.0,,119.0,,,,,,,,,,,,,,87.0,,,,,,,,,,,,,,,,,,,,,,,,,,,,,,,,,,,,,,,,,,,,,,,,,,,,,,,,,,,,,,,,,,,,,,,,,,,,,,,,,,,,,,,,,,,,,,,,,,,,,,,,,,,,,,,,,,,,,,,,,,,,,,,,,,,,,,,,,,,,,,,,,,,,,,,,,,,,,,,,,,,,,,,,,,,,,,,44.0,34.0,,,46.0,,,97.0,,116.0,,40.0,,,,,,
10.5066/P9DSRCZJ,Sn,,,,,,,,,,,,,,,,,,,,,,,,,,,,,,,,,,,,,,,,,,,,,,,,,,,,,,,,,,,,,,,,,,,,,,,,,,,,,,,,,,,,,,,,,,,,,,,,,,,,,,,,,,,,,,,,,,,,,,,,,,,,,,,,,,,,,,,,,,,,,,,,,,,,,,,,,,,,,,,,,,,,,,,,,,,,,,,,,,,,,,,,,,,,,,,,,,,,,,,,,,,,,,,,,,,,,,,,,,,,,,,,,,,,,,,,,,,,,,,,,,,,,,,,,,,,,,,,,,,,,,,,,,,,,,,,,,,,,,,,,,,,,,,,,,,,,,,,,,,,,,,,,,,,,,,,,,,,,,,,,,,,,,,,,,,,,,,,,,,,,,,,,,,,,,,,,,,,,,,,,,,,,,,,,,,,,,,,,,,,,,,,,,,,,,,,,,,,,,,,,,,,,,,,,,,,,,,,,,,,,,,,,,,,,,,,,,,,,,,,,,,,,,,,,,,,,,,,,,,,,,,,,,,,,,,,,,,,,,,,,,,,,,,,,,,,,,,,,,,
10.5066/P9DSRCZJ,Sr,,3.4,2.1,1.6,,,,,,,,,,,,,,,,,,,,,,,,,,,,,,,,,,,,,,,,,,,,,,,,,,,,,,2.3,,,,,,,,,,0.67,,,,,,,,,,,,,0.14,,0.48,,,0.52,,0.6,0.11,0.46,0.09,0.48,,,0.4,0.38,0.34,0.1,0.41,0.45,,0.43,0.45,,0.46,0.49,,0.48,,0.32,,,0.32,0.34,,0.39,0.39,0.45,0.47,0.13,0.003,0.21,,,,1.1,2.62,0.48,0.31,0.33,,0.34,,0.34,0.42,,0.49,,0.46,,0.46,,,,,,,,,,,,,,,,,,,,,,,,,,,,,,,,,,,,,,,,,,,,,,0.86,,0.55,,0.29,,3.95,4.67,,,,,,,,,,,,,,,,,,,,,,,,,,,,,,,,,,,,,,,,,,,,,,,,,,,,,,,,,,,,,,,,,,,,,,,,,,,,,,,,,,,,,,2.5,2.2,,0.947,,2.99,,0.931,,0.59,,0.875,0.003,0.971,,,,,,,,,,,,,,,,,,,,,,,,,,,,,,,,,,,,,,,,,,,,,,,,,,,,,,,,,,,,,,,,,,,,,,,,,,,,,,,,,,,,,,,,,,,,,,,,,,,,,,,,,,,,,,,,,,,,,,,,,,,,,,,,,,,,,,,,,,,,,,,,,,,,,,,,,,,,,,,,,,,,,,,,,,,,,,,,,,,,,,,,,,,,,,,,,,,,1.47,,1.29,,,,,,,,
10.5066/P9DSRCZJ,Th,,,,,,,,,,,,,,,,,,,,,,,,,,,,,,,,,,,,,,,,,,,,,,,,,,,,,,,,,,,,,,,,,,,,,,,,,,,,,,,,,,,,,,,,,,,,,,,,,,,,,,,,,,,,,,,,,,,,,,,,,,,,,,,,,,,,,,,,,,,,,,,,,,,,,,,,,,,,,,,,,,,,,,,,,,,,,,,,,,,,,,,,,,,,,,,,,,,,,,,,,,,,,,,,,,,,,,,,,,,,,,,,,,,,,,,,,,,,,,,,,,,,,,,,,,,,,,,,,,,,,,,,,,,,,,,,,,,,,,,,,,,,,,,,,,,,,,,,,,,,,,,,,,,,,,,,,,,,,,,,,,,,,,,,,,,,,,,,,,,,,,,,,,,,,,,,,,,,,,,,,,,,,,,,,,,,,,,,,,,,,,,,,,,,,,,,,,,,,,,,,,,,,,,,,,,,,,,,,,,,,,,,,,,,,,,,,,,,,,,,,,,,,,,,,,,,,,,,,,,,,,,,,,,,,,,,,,,,,,,,,,,,,,,,,,,,,,,,,,,
10.5066/P9DSRCZJ,Ti,,,,,,,,,,,,,,,,,,,,,,,,,,,,,,,,,,,,,,,,,,,,,,,,,,,,,,,,,,,,,,,,,,,,,,,,,,,,,,,,,,,,,,,,,,,,,,,,,,,,,,,,,,,,,,,,,,,,,,,,0.002,0.003,,,,,,,,,,,,,,,,,,,,,,,,,,,,,,,,,,,,,,,,,,,,,,,,,,,,,,,,,,,,,,,,,,,,,,,,,,,,,,,,,,,,,,,,,,,,,,,,,,,,,,,,,,,,,,,,,,,,,,,,,,,,,,,,,,,,,,,,,,,,,,,,,,,,,,,,,,,,,,,,,,0.0417,,0.0075,0.0018,0.0166,,0.0025,,0.043,,0.037,,,,,,,,,,,,,,,,,,,,,,,,,,,,,,,,,,,,,,,,,,,,,,,,,,,,,,,,,,,,,,,,,,,,,,,,,,,,,,,,,,,,,,,,,,,,,,,,,,,,,,,,,,,,,,,,,,,,,,,,,,,,,,,,,,,,,,,,,,,,,,,,,,,,,,,,,,,,,,,,,,,,,,,,,,,,,,,,,,,,,,,,,,,,,,,,,,,,,,,,,,,,,,
10.5066/P9DSRCZJ,Tl,,,,,,,,,,,,,,,,,,,,,,,,,,,,,,,,,,,,,,,,,,,,,,,,,,,,,,,,,,,,,,,,,,,,,,,,,,,,,,,,,,,,,,,,,,,,,,,,,,,,,,,,,,,,,,,,,,,,,,,,,,,,,,,,,,,,,,,,,,,,,,,,,,,,,,,,,,,,,,,,,,,,,,,,,,,,,,,,,,,,,,,,,,,,,,,,,,,,,,,,,,,,,,,,,,,,,,,,,,,,,,,,,,,,,,,,,,,,,,,,,,,,,,,,,,,,,,,,,,,,,,,,,,,,,,,,,,,,,,,,,,,0.005,,0.0051,,,,,,0.004,,0.0069,,,,,,,,,,,,,,,,,,,,,,,,,,,,,,,,,,,,,,,,,,,,,,,,,,,,,,,,,,,,,,,,,,,,,,,,,,,,,,,,,,,,,,,,,,,,,,,,,,,,,,,,,,,,,,,,,,,,,,,,,,,,,,,,,,,,,,,,,,,,,,,,,,,,,,,,,,,,,,,,,,,,,,,,,,,,,,,,,,,,,,,,,,,,0.003,,,,,,,,,,,,,,,,,,
10.5066/P9DSRCZJ,U,,,,,,,,,,,,,,,,,,,,,,,,,,,,,,,,,,,,,,,,,,,,,,,,,,,,,,,,,,,,,,,,,,,,,,,,,,,,,,,,,,,,,,,,,,,,,,,,,,,,,,,,,,,,,,,,,,,,,,,,,,,,,,,,,,,,,,,,,,,,,,,,,,,,,,,,,,,,,,,,,,,,,,,,,,,,,,,,,,,,,,,,,,,,,,,,,,,,,,,,,,,,,,,,,,,,,,,,,,,,,,,,,,,,,,,,,,,,,,,,,,,,,,,,,,,,,,,,,,,,,,,,,,,,,,,,,,,,,,,,,,,,,,,,,,,,,,,,,,,,,,,,,,,,,,,,,,,,,,,,,,,,,,,,,,,,,,,,,,,,,,,,,,,,,,,,,,,,,,,,,,,,,,,,,,,,,,,,,,,,,,,,,,,,,,,,,,,,,,,,,,,,,,,,,,,,,,,,,,,,,,,,,,,,,,,,,,,,,,,,,,,,,,,,,,,,,,,,,,,,,,,,,,,,,,,,,,,,,,,,,,,,,,,,,,,,,,,,,,,
10.5066/P9DSRCZJ,V,,,,,,,,,,,,,,,,,,,,,,,,,,,,,,,,,,,,,,,,,,,,,,,,,,,,,,,,,,,,,,,,,,,,,,,,,,,,,,,,,,,,,,,,,,,,,,,,0.009,0.003,,0.012,0.012,,0.013,0.011,,0.012,0.009,,0.011,,0.009,,,0.011,0.01,,0.01,0.01,0.014,0.013,,,,,,,,,,,0.007,,0.009,,0.008,0.011,,0.008,,0.01,,0.008,,,,,,,,,,,,,,,,,,,,,,,,,,,,,,,,,,,,,,,,,,,,,,,,,,,,,,,,,,,,,,,,,,,,,,,,,,,,,,,,,,,,,,,,,,,,,,,,,,,,,,,,,,,,,,,,,,,,,,,,,,,,,,,,,,,,,,,,,,,,,,0.0037,,0.024,,0.0036,,0.0012,,0.005,,0.003,,,,,,,,,,,,,,,,,,,,,,,,,,,,,,,,,,,,,,,,,,,,,,,,,,,,,,,,,,,,,,,,,,,,,,,,,,,,,,,,,,,,,,,,,,,,,,,,,,,,,,,,,,,,,,,,,,,,,,,,,,,,,,,,,,,,,,,,,,,,,,,,,,,,,,,,,,,,,,,,,,,,,,,,,,,,,,,,,,,,,,,,,,,,,,,,,,,,0.1,,,,,,,,,,
10.5066/P9DSRCZJ,W,,,,,,,,,,,,,,,,,,,,,,,,,,,,,,,,,,,,,,,,,,,,,,,,,,,,,,,,,,,,,,,,,,,,,,,,,,,,,,,,,,,,,,,,,,,,,,,,,,,,,,,,,,,,,,,,,,,,,,,,,,,,,,,,,,,,,,,,,,,,,,,,,,,,,,,,,,,,,,,,,,,,,,,,,,,,,,,,,,,,,,,,,,,,,,,,,,,,,,,,,,,,,,,,,,,,,,,,,,,,,,,,,,,,,,,,,,,,,,,,,,,,,,,,,,,,,,,,,,,,,,,,,,,,,,,,,,,,,,,,,,,0.1015,,,0.0056,,,0.0109,,,,,,,,,,,,,,,,,,,,,,,,,,,,,,,,,,,,,,,,,,,,,,,,,,,,,,,,,,,,,,,,,,,,,,,,,,,,,,,,,,,,,,,,,,,,,,,,,,,,,,,,,,,,,,,,,,,,,,,,,,,,,,,,,,,,,,,,,,,,,,,,,,,,,,,,,,,,,,,,,,,,,,,,,,,,,,,,,,,,,,,,,,,,,,,,,,,,,,,,,,,,,,,,,,
10.5066/P9DSRCZJ,Y,,,,,,,,,,,,,,,,,,,,,,,,,,,,,,,,,,,,,,,,,,,,,,,,,,,,,,,,,,,,,,,,,,,,,,,,,,,,,,,,,,,,,,,,,,,,,,,,,,,,,,,,,,,,,,,,,,,,,,,,,,,,,,,,,,,,,,,,,,,,,,,,,,,,,,,,,,,,,,,,,,,,,,,,,,,,,,,,,,,,,,,,,,,,,,,,,,,,,,,,,,,,,,,,,,,,,,,,,,,,,,,,,,,,,,,,,,,,,,,,,,,,,,,,,,,,,,,,,,,,,,,,,,,,,,,,,,,,,,,,,,,,,,,,,,,,,,,,,,,,,,,,,,,,,,,,,,,,,,,,,,,,,,,,,,,,,,,,,,,,,,,,,,,,,,,,,,,,,,,,,,,,,,,,,,,,,,,,,,,,,,,,,,,,,,,,,,,,,,,,,,,,,,,,,,,,,,,,,,,,,,,,,,,,,,,,,,,,,,,,,,,,,,,,,,,,,,,,,,,,,,,,,,,,,,,,,,,,,,,,,,,,,,,,,,,,,,,,,,,
10.5066/P9DSRCZJ,Zn,0.01,,,,0.087,,,,,,,,,,,,,,,,,,,,,,,,,,,,,,,,,,,,,,,,,,,,,,,,,,,,,,,,,,,,,,,,,,,,,,,,,,,,,,,,,,,,,,,,,,,,,,,,0.07,,,,0.01,,,,,,,,,,,,0.02,0.02,,,,,,,,,,,,,,,,,,,,,,,,,,,,0.03,,,,0.04,0.02,,,0.04,,,,,,,,,,,,,,,,,,,,,,,,,,,,0.02,,0.03,0.02,,,,,,,,,,,,,,,,,,,,,,,,,,,,,,,,,,,,,,,,,,,,,,,,,,,,,,,,,,,,,,,,,,,,,0.02,,,,,0.04,,,,,,,,,,,,,,,,,,,,,0.1,0.037,,0.0033,,,,0.009,,0.0109,,,0.007,0.008,,,,,,,,,,,,,,,,,,,,,,,,,,,,,,,,,,,,,,,,,,,,,,,,,,,,,,,,,,,,,,,,,,,,,,,,,,,,,,,,,,,,,,,,,,,,,,,,,,,,,,,,,,,,,,,,,,,,,,,,,,,,,,,,,,,,,,,,,,,,,,,,,,,,,,,,,,,,,,,,,,,,,,,,,,,,,,,,,,,,,,,,,,,,,,,,,0.05,,,0.02,,0.202,,,,,,,,
10.5066/P9DSRCZJ,Zr,,,,,,,,,,,,,,,,,,,,,,,,,,,,,,,,,,,,,,,,,,,,,,,,,,,,,,,,,,,,,,,,,,,,,,,,,,,,,,,,,,,,,,,,,,,,,,,,,,,,,,,,,,,,,,,,,,,,,,,,,,,,,,,,,,,,,,,,,,,,,,,,,,,,,,,,,,,,,,,,,,,,,,,,,,,,,,,,,,,,,,,,,,,,,,,,,,,,,,,,,,,,,,,,,,,,,,,,,,,,,,,,,,,,,,,,,,,,,,,,,,,,,,,,,,,,,,,,,,,,,,,,,,,,,,,,,,,,,,,,,,,,,,,,,,,,,,,,,,,,,,,,,,,,,,,,,,,,,,,,,,,,,,,,,,,,,,,,,,,,,,,,,,,,,,,,,,,,,,,,,,,,,,,,,,,,,,,,,,,,,,,,,,,,,,,,,,,,,,,,,,,,,,,,,,,,,,,,,,,,,,,,,,,,,,,,,,,,,,,,,,,,,,,,,,,,,,,,,,,,,,,,,,,,,,,,,,,,,,,,,,,,,,,,,,,,,,,,,,,
10.5066/P9DSRCZJ,La,,,,,,,,,,,,,,,,,,,,,,,,,,,,,,,,,,,,,,,,,,,,,,,,,,,,,,,,,,,,,,,,,,,,,,,,,,,,,,,,,,,,,,,,,,,,,,,,,,,,,,,,,,,,,,,,,,,,,,,,,,,,,,,,,,,,,,,,,,,,,,,,,,,,,,,,,,,,,,,,,,,,,,,,,,,,,,,,,,,,,,,,,,,,,,,,,,,,,,,,,,,,,,,,,,,,,,,,,,,,,,,,,,,,,,,,,,,,,,,,,,,,,,,,,,,,,,,,,,,,,,,,,,,,,,,,,,,,,,,,,,,,,,,,,,,,,,,,,,,,,,,,,,,,,,,,,,,,,,,,,,,,,,,,,,,,,,,,,,,,,,,,,,,,,,,,,,,,,,,,,,,,,,,,,,,,,,,,,,,,,,,,,,,,,,,,,,,,,,,,,,,,,,,,,,,,,,,,,,,,,,,,,,,,,,,,,,,,,,,,,,,,,,,,,,,,,,,,,,,,,,,,,,,,,,,,,,,,,,,,,,,,,,,,,,,,,,,,,,,
10.5066/P9DSRCZJ,Ce,,,,,,,,,,,,,,,,,,,,,,,,,,,,,,,,,,,,,,,,,,,,,,,,,,,,,,,,,,,,,,,,,,,,,,,,,,,,,,,,,,,,,,,,,,,,,,,,,,,,,,,,,,,,,,,,,,,,,,,,,,,,,,,,,,,,,,,,,,,,,,,,,,,,,,,,,,,,,,,,,,,,,,,,,,,,,,,,,,,,,,,,,,,,,,,,,,,,,,,,,,,,,,,,,,,,,,,,,,,,,,,,,,,,,,,,,,,,,,,,,,,,,,,,,,,,,,,,,,,,,,,,,,,,,,,,,,,,,,,,,,,,,,,,,,,,,,,,,,,,,,,,,,,,,,,,,,,,,,,,,,,,,,,,,,,,,,,,,,,,,,,,,,,,,,,,,,,,,,,,,,,,,,,,,,,,,,,,,,,,,,,,,,,,,,,,,,,,,,,,,,,,,,,,,,,,,,,,,,,,,,,,,,,,,,,,,,,,,,,,,,,,,,,,,,,,,,,,,,,,,,,,,,,,,,,,,,,,,,,,,,,,,,,,,,,,,,,,,,,
10.5066/P9DSRCZJ,Pr,,,,,,,,,,,,,,,,,,,,,,,,,,,,,,,,,,,,,,,,,,,,,,,,,,,,,,,,,,,,,,,,,,,,,,,,,,,,,,,,,,,,,,,,,,,,,,,,,,,,,,,,,,,,,,,,,,,,,,,,,,,,,,,,,,,,,,,,,,,,,,,,,,,,,,,,,,,,,,,,,,,,,,,,,,,,,,,,,,,,,,,,,,,,,,,,,,,,,,,,,,,,,,,,,,,,,,,,,,,,,,,,,,,,,,,,,,,,,,,,,,,,,,,,,,,,,,,,,,,,,,,,,,,,,,,,,,,,,,,,,,,,,,,,,,,,,,,,,,,,,,,,,,,,,,,,,,,,,,,,,,,,,,,,,,,,,,,,,,,,,,,,,,,,,,,,,,,,,,,,,,,,,,,,,,,,,,,,,,,,,,,,,,,,,,,,,,,,,,,,,,,,,,,,,,,,,,,,,,,,,,,,,,,,,,,,,,,,,,,,,,,,,,,,,,,,,,,,,,,,,,,,,,,,,,,,,,,,,,,,,,,,,,,,,,,,,,,,,,,
10.5066/P9DSRCZJ,Nd,,,,,,,,,,,,,,,,,,,,,,,,,,,,,,,,,,,,,,,,,,,,,,,,,,,,,,,,,,,,,,,,,,,,,,,,,,,,,,,,,,,,,,,,,,,,,,,,,,,,,,,,,,,,,,,,,,,,,,,,,,,,,,,,,,,,,,,,,,,,,,,,,,,,,,,,,,,,,,,,,,,,,,,,,,,,,,,,,,,,,,,,,,,,,,,,,,,,,,,,,,,,,,,,,,,,,,,,,,,,,,,,,,,,,,,,,,,,,,,,,,,,,,,,,,,,,,,,,,,,,,,,,,,,,,,,,,,,,,,,,,,,,,,,,,,,,,,,,,,,,,,,,,,,,,,,,,,,,,,,,,,,,,,,,,,,,,,,,,,,,,,,,,,,,,,,,,,,,,,,,,,,,,,,,,,,,,,,,,,,,,,,,,,,,,,,,,,,,,,,,,,,,,,,,,,,,,,,,,,,,,,,,,,,,,,,,,,,,,,,,,,,,,,,,,,,,,,,,,,,,,,,,,,,,,,,,,,,,,,,,,,,,,,,,,,,,,,,,,,
10.5066/P9DSRCZJ,Sm,,,,,,,,,,,,,,,,,,,,,,,,,,,,,,,,,,,,,,,,,,,,,,,,,,,,,,,,,,,,,,,,,,,,,,,,,,,,,,,,,,,,,,,,,,,,,,,,,,,,,,,,,,,,,,,,,,,,,,,,,,,,,,,,,,,,,,,,,,,,,,,,,,,,,,,,,,,,,,,,,,,,,,,,,,,,,,,,,,,,,,,,,,,,,,,,,,,,,,,,,,,,,,,,,,,,,,,,,,,,,,,,,,,,,,,,,,,,,,,,,,,,,,,,,,,,,,,,,,,,,,,,,,,,,,,,,,,,,,,,,,,,,,,,,,,,,,,,,,,,,,,,,,,,,,,,,,,,,,,,,,,,,,,,,,,,,,,,,,,,,,,,,,,,,,,,,,,,,,,,,,,,,,,,,,,,,,,,,,,,,,,,,,,,,,,,,,,,,,,,,,,,,,,,,,,,,,,,,,,,,,,,,,,,,,,,,,,,,,,,,,,,,,,,,,,,,,,,,,,,,,,,,,,,,,,,,,,,,,,,,,,,,,,,,,,,,,,,,,,
10.5066/P9DSRCZJ,Eu,,,,,,,,,,,,,,,,,,,,,,,,,,,,,,,,,,,,,,,,,,,,,,,,,,,,,,,,,,,,,,,,,,,,,,,,,,,,,,,,,,,,,,,,,,,,,,,,,,,,,,,,,,,,,,,,,,,,,,,,,,,,,,,,,,,,,,,,,,,,,,,,,,,,,,,,,,,,,,,,,,,,,,,,,,,,,,,,,,,,,,,,,,,,,,,,,,,,,,,,,,,,,,,,,,,,,,,,,,,,,,,,,,,,,,,,,,,,,,,,,,,,,,,,,,,,,,,,,,,,,,,,,,,,,,,,,,,,,,,,,,,,,,,,,,,,,,,,,,,,,,,,,,,,,,,,,,,,,,,,,,,,,,,,,,,,,,,,,,,,,,,,,,,,,,,,,,,,,,,,,,,,,,,,,,,,,,,,,,,,,,,,,,,,,,,,,,,,,,,,,,,,,,,,,,,,,,,,,,,,,,,,,,,,,,,,,,,,,,,,,,,,,,,,,,,,,,,,,,,,,,,,,,,,,,,,,,,,,,,,,,,,,,,,,,,,,,,,,,,
10.5066/P9DSRCZJ,Gd,,,,,,,,,,,,,,,,,,,,,,,,,,,,,,,,,,,,,,,,,,,,,,,,,,,,,,,,,,,,,,,,,,,,,,,,,,,,,,,,,,,,,,,,,,,,,,,,,,,,,,,,,,,,,,,,,,,,,,,,,,,,,,,,,,,,,,,,,,,,,,,,,,,,,,,,,,,,,,,,,,,,,,,,,,,,,,,,,,,,,,,,,,,,,,,,,,,,,,,,,,,,,,,,,,,,,,,,,,,,,,,,,,,,,,,,,,,,,,,,,,,,,,,,,,,,,,,,,,,,,,,,,,,,,,,,,,,,,,,,,,,,,,,,,,,,,,,,,,,,,,,,,,,,,,,,,,,,,,,,,,,,,,,,,,,,,,,,,,,,,,,,,,,,,,,,,,,,,,,,,,,,,,,,,,,,,,,,,,,,,,,,,,,,,,,,,,,,,,,,,,,,,,,,,,,,,,,,,,,,,,,,,,,,,,,,,,,,,,,,,,,,,,,,,,,,,,,,,,,,,,,,,,,,,,,,,,,,,,,,,,,,,,,,,,,,,,,,,,,
10.5066/P9DSRCZJ,Tb,,,,,,,,,,,,,,,,,,,,,,,,,,,,,,,,,,,,,,,,,,,,,,,,,,,,,,,,,,,,,,,,,,,,,,,,,,,,,,,,,,,,,,,,,,,,,,,,,,,,,,,,,,,,,,,,,,,,,,,,,,,,,,,,,,,,,,,,,,,,,,,,,,,,,,,,,,,,,,,,,,,,,,,,,,,,,,,,,,,,,,,,,,,,,,,,,,,,,,,,,,,,,,,,,,,,,,,,,,,,,,,,,,,,,,,,,,,,,,,,,,,,,,,,,,,,,,,,,,,,,,,,,,,,,,,,,,,,,,,,,,,,,,,,,,,,,,,,,,,,,,,,,,,,,,,,,,,,,,,,,,,,,,,,,,,,,,,,,,,,,,,,,,,,,,,,,,,,,,,,,,,,,,,,,,,,,,,,,,,,,,,,,,,,,,,,,,,,,,,,,,,,,,,,,,,,,,,,,,,,,,,,,,,,,,,,,,,,,,,,,,,,,,,,,,,,,,,,,,,,,,,,,,,,,,,,,,,,,,,,,,,,,,,,,,,,,,,,,,,
10.5066/P9DSRCZJ,Dy,,,,,,,,,,,,,,,,,,,,,,,,,,,,,,,,,,,,,,,,,,,,,,,,,,,,,,,,,,,,,,,,,,,,,,,,,,,,,,,,,,,,,,,,,,,,,,,,,,,,,,,,,,,,,,,,,,,,,,,,,,,,,,,,,,,,,,,,,,,,,,,,,,,,,,,,,,,,,,,,,,,,,,,,,,,,,,,,,,,,,,,,,,,,,,,,,,,,,,,,,,,,,,,,,,,,,,,,,,,,,,,,,,,,,,,,,,,,,,,,,,,,,,,,,,,,,,,,,,,,,,,,,,,,,,,,,,,,,,,,,,,,,,,,,,,,,,,,,,,,,,,,,,,,,,,,,,,,,,,,,,,,,,,,,,,,,,,,,,,,,,,,,,,,,,,,,,,,,,,,,,,,,,,,,,,,,,,,,,,,,,,,,,,,,,,,,,,,,,,,,,,,,,,,,,,,,,,,,,,,,,,,,,,,,,,,,,,,,,,,,,,,,,,,,,,,,,,,,,,,,,,,,,,,,,,,,,,,,,,,,,,,,,,,,,,,,,,,,,,
10.5066/P9DSRCZJ,Ho,,,,,,,,,,,,,,,,,,,,,,,,,,,,,,,,,,,,,,,,,,,,,,,,,,,,,,,,,,,,,,,,,,,,,,,,,,,,,,,,,,,,,,,,,,,,,,,,,,,,,,,,,,,,,,,,,,,,,,,,,,,,,,,,,,,,,,,,,,,,,,,,,,,,,,,,,,,,,,,,,,,,,,,,,,,,,,,,,,,,,,,,,,,,,,,,,,,,,,,,,,,,,,,,,,,,,,,,,,,,,,,,,,,,,,,,,,,,,,,,,,,,,,,,,,,,,,,,,,,,,,,,,,,,,,,,,,,,,,,,,,,,,,,,,,,,,,,,,,,,,,,,,,,,,,,,,,,,,,,,,,,,,,,,,,,,,,,,,,,,,,,,,,,,,,,,,,,,,,,,,,,,,,,,,,,,,,,,,,,,,,,,,,,,,,,,,,,,,,,,,,,,,,,,,,,,,,,,,,,,,,,,,,,,,,,,,,,,,,,,,,,,,,,,,,,,,,,,,,,,,,,,,,,,,,,,,,,,,,,,,,,,,,,,,,,,,,,,,,,
10.5066/P9DSRCZJ,Er,,,,,,,,,,,,,,,,,,,,,,,,,,,,,,,,,,,,,,,,,,,,,,,,,,,,,,,,,,,,,,,,,,,,,,,,,,,,,,,,,,,,,,,,,,,,,,,,,,,,,,,,,,,,,,,,,,,,,,,,,,,,,,,,,,,,,,,,,,,,,,,,,,,,,,,,,,,,,,,,,,,,,,,,,,,,,,,,,,,,,,,,,,,,,,,,,,,,,,,,,,,,,,,,,,,,,,,,,,,,,,,,,,,,,,,,,,,,,,,,,,,,,,,,,,,,,,,,,,,,,,,,,,,,,,,,,,,,,,,,,,,,,,,,,,,,,,,,,,,,,,,,,,,,,,,,,,,,,,,,,,,,,,,,,,,,,,,,,,,,,,,,,,,,,,,,,,,,,,,,,,,,,,,,,,,,,,,,,,,,,,,,,,,,,,,,,,,,,,,,,,,,,,,,,,,,,,,,,,,,,,,,,,,,,,,,,,,,,,,,,,,,,,,,,,,,,,,,,,,,,,,,,,,,,,,,,,,,,,,,,,,,,,,,,,,,,,,,,,,
10.5066/P9DSRCZJ,Tm,,,,,,,,,,,,,,,,,,,,,,,,,,,,,,,,,,,,,,,,,,,,,,,,,,,,,,,,,,,,,,,,,,,,,,,,,,,,,,,,,,,,,,,,,,,,,,,,,,,,,,,,,,,,,,,,,,,,,,,,,,,,,,,,,,,,,,,,,,,,,,,,,,,,,,,,,,,,,,,,,,,,,,,,,,,,,,,,,,,,,,,,,,,,,,,,,,,,,,,,,,,,,,,,,,,,,,,,,,,,,,,,,,,,,,,,,,,,,,,,,,,,,,,,,,,,,,,,,,,,,,,,,,,,,,,,,,,,,,,,,,,,,,,,,,,,,,,,,,,,,,,,,,,,,,,,,,,,,,,,,,,,,,,,,,,,,,,,,,,,,,,,,,,,,,,,,,,,,,,,,,,,,,,,,,,,,,,,,,,,,,,,,,,,,,,,,,,,,,,,,,,,,,,,,,,,,,,,,,,,,,,,,,,,,,,,,,,,,,,,,,,,,,,,,,,,,,,,,,,,,,,,,,,,,,,,,,,,,,,,,,,,,,,,,,,,,,,,,,,
10.5066/P9DSRCZJ,Yb,,,,,,,,,,,,,,,,,,,,,,,,,,,,,,,,,,,,,,,,,,,,,,,,,,,,,,,,,,,,,,,,,,,,,,,,,,,,,,,,,,,,,,,,,,,,,,,,,,,,,,,,,,,,,,,,,,,,,,,,,,,,,,,,,,,,,,,,,,,,,,,,,,,,,,,,,,,,,,,,,,,,,,,,,,,,,,,,,,,,,,,,,,,,,,,,,,,,,,,,,,,,,,,,,,,,,,,,,,,,,,,,,,,,,,,,,,,,,,,,,,,,,,,,,,,,,,,,,,,,,,,,,,,,,,,,,,,,,,,,,,,,,,,,,,,,,,,,,,,,,,,,,,,,,,,,,,,,,,,,,,,,,,,,,,,,,,,,,,,,,,,,,,,,,,,,,,,,,,,,,,,,,,,,,,,,,,,,,,,,,,,,,,,,,,,,,,,,,,,,,,,,,,,,,,,,,,,,,,,,,,,,,,,,,,,,,,,,,,,,,,,,,,,,,,,,,,,,,,,,,,,,,,,,,,,,,,,,,,,,,,,,,,,,,,,,,,,,,,,
10.5066/P9DSRCZJ,Lu,,,,,,,,,,,,,,,,,,,,,,,,,,,,,,,,,,,,,,,,,,,,,,,,,,,,,,,,,,,,,,,,,,,,,,,,,,,,,,,,,,,,,,,,,,,,,,,,,,,,,,,,,,,,,,,,,,,,,,,,,,,,,,,,,,,,,,,,,,,,,,,,,,,,,,,,,,,,,,,,,,,,,,,,,,,,,,,,,,,,,,,,,,,,,,,,,,,,,,,,,,,,,,,,,,,,,,,,,,,,,,,,,,,,,,,,,,,,,,,,,,,,,,,,,,,,,,,,,,,,,,,,,,,,,,,,,,,,,,,,,,,,,,,,,,,,,,,,,,,,,,,,,,,,,,,,,,,,,,,,,,,,,,,,,,,,,,,,,,,,,,,,,,,,,,,,,,,,,,,,,,,,,,,,,,,,,,,,,,,,,,,,,,,,,,,,,,,,,,,,,,,,,,,,,,,,,,,,,,,,,,,,,,,,,,,,,,,,,,,,,,,,,,,,,,,,,,,,,,,,,,,,,,,,,,,,,,,,,,,,,,,,,,,,,,,,,,,,,,,
10.5066/P9DSRCZJ,DIC,,,,,,,,,,,,,,,,,,,,,,,,,,,,,,,,,,,,,,,,,,,,,,,,,,,,,,,,,,,,,,,,,,,,,,,,,,,,,,,,,,,,,,,,,,,,,,,,,,,,,,,23.0,,26.0,24.5,,24.0,,30.8,,,24.0,22.8,,12.6,12.7,14.2,14.0,23.8,20.0,19.4,,,,17.7,31.9,135.9,,30.6,,25.8,,22.7,22.8,,19.9,,19.0,,17.6,,,,,,,,,,,,,,,,,,,,,,,,,,,,,,,,,,,,,,,,,,,,,,,,,,,,,,,,,,,,,,,,,,,,,,,,,,,,,,,,,,,,,,,,,,,,,,,,,,,,,,,,,,,,,,,,,,,,,,,,,,,,,,,,,,,,,,,,,,,,,,,,,,,,,,,,,,,,,,,,,,,,,,,,,,,,,,,,,,,,,,,,,,,,,,,,,,,,,,,,,,,,,,,,,,,,,,,,,,,,,,,,,,,,,,,,,,,,,,,,,,,,,,,,,,,,,,,,,,,,,,,,,,,,,,,,,,,,,,,,,,,,,,,,,,,,,,,,,,,,,,,,,,,,,,,,,,,,,,,,,,,,,,,,,,,,,,,,,,,,,,,,,,,,,,,,,,,,,,
10.5066/P9DSRCZJ,TOC,,,,,,,,,,,,,,,,,,,,,,,,,,,,,,,,,,,,,,,,,,,,,,,,,,,,,,,,,,,,,,,,,,,,,,,,,,,,,,,,,,,,,,,,,,,,,,,,,,,,,,,,,,,,,,,,,,,,,,,,,,,,,,,,,,,,,,,,,,,,,,,,,,,,,,,,,,,,,,,,,,,,,,,,,,,,,,,,,,,,,,,,,,,,,,,,,,,,,,,,,,,,,,,,,,,,,,,,,,,,,,,,,,,,,,,,,,,,,,,,,,,,,,,,,,,,,,,,,,,,,,,,,,,,,,,,,,,,,,,,,,,,,,,,,,,,,,,,,,,,,,,,,,,,,,,,,,,,,,,,,,,,,,,,,,,,,,,,,,,,,,,,,,,,,,,,,,,,,,,,,,,,,,,,,,,,,,,,,,,,,,,,,,,,,,,,,,,,,,,,,,,,,,,,,,,,,,,,,,,,,,,,,,,,,,,,,,,,,,,,,,,,,,,,,,,,,,,,,,,,,,,,,,,,,,,,,,,,,,,,,,,,,,,,,,,,,,,,,,,
10.5066/P9DSRCZJ,BOD,,,,,,,,,,,,,,,,,,,,,,,,,,,,,,,,,,,,,,,,,,,,,,,,,,,,,,,,,,,,,,,,,,,,,,,,,,,,,,,,,,,,,,,,,,,,,,,,,,,,,,,,,,,,,,,,,,,,,,,,,,,,,,,,,,,,,,,,,,,,,,,,,,,,,,,,,,,,,,,,,,,,,,,,,,,,,,,,,,,,,,,,,,,,,,,,,,,,,,,,,,,,,,,,,,,,,,,,,,,,,,,,,,,,,,,,,,,,,,,,,,,,,,,,,,,,,,,,,,,,,,,,,,,,,,,,,,,,,,,,,,,,,,,,,,,,,,,,,,,,,,,,,,,,,,,,,,,,,,,,,,,,,,,,,,,,,,,,,,,,,,,,,,,,,,,,,,,,,,,,,,,,,,,,,,,,,,,,,,,,,,,,,,,,,,,,,,,,,,,,,,,,,,,,,,,,,,,,,,,,,,,,,,,,,,,,,,,,,,,,,,,,,,,,,,,,,,,,,,,,,,,,,,,,,,,,,,,,,,,,,,,,,,,,,,,,,,,,,,,
10.5066/P9DSRCZJ,COD,,,,,,,,,,,,,,,,,,,,,,,,,,,,,,,,,,,,,,,,,,,,,,,,,,,,,,,,,,,,,,,,,,,,,,,,,,,,,,,,,,,,,,,,,,,,,,,,,,,,,,,,,,,,,,,,,,,,,,,,,,,,,,,,,,,,,,,,,,,,,,,,,,,,,,,,,,,,,,,,,,,,,,,,,,,,,,,,,,,,,,,,,,,,,,,,,,,,,,,,,,,,,,,,,,,,,,,,,,,,,,,,,,,,,,,,,,,,,,,,,,,,,,,,,,,,,,,,,,,,,,,,,,,,,,,,,,,,,,,,,,,,,,,,,,,,,,,,,,,,,,,,,,,,,,,,,,,,,,,,,,,,,,,,,,,,,,,,,,,,,,,,,,,,,,,,,,,,,,,,,,,,,,,,,,,,,,,,,,,,,,,,,,,,,,,,,,,,,,,,,,,,,,,,,,,,,,,,,,,,,,,,,,,,,,,,,,,,,,,,,,,,,,,,,,,,,,,,,,,,,,,,,,,,,,,,,,,,,,,,,,,,,,,,,,,,,,,,,,,
10.5066/P9DSRCZJ,Ar,,,,1.31,,,,,,0.04,0.09,,,,,,,,,0.07,,,0.072,,,,,,,,,,,,0.054,,0.06,,,0.018,,0.017,,0.017,,,,,0.021,,0.043,,,,,,,,,,,,,,,,,,,,,,,,,,,,,,,,,,,,,,,,,,,,,,,,,,,,,,,,,,,,,,,,,,,,,,,,,,,,,,,,,,,,,,,,,,,,,,,,,,,,,,,,,,,,,,,,,,,,,,,,,,,,,,,,,,,,,,,,,,,,,,,,,,,,,,,,,,,,,,,,,,,,,,,,,,,,,,,,,,,,,,,,,,,,,,,,,,,,,,,,,,,,,,,,,,,,,,,,,,,,,,,,,,,,,,,,,,,,,,,,,,,,,,,,,,,,,,,,,,,,,,,,,,,,,,,,,,,,,,,,,,,,,,,,,,,,,,,,,,,,,,,,,,,,,,,,,,,,,,,,,,,,,,,,,,,,,,,,,,,,,,,,,,,,,,,,,,,,,,,,,,,,,,,,,,,,,,,,,,,,,,,,,,,,,,,,,,,,,,,,,,,,,,,,,,,,,,,,,,,,,,,,,,,,,,,,,,,,,,,,,,,,,,,,
10.5066/P9DSRCZJ,He,,,,0.01,,,,,,0.005,0.035,,,,,,,,,0.07,,,0.0016,,,,,,,,,,,,0.0015,,0.0049,,,0.0021,,0.0019,,0.0021,,,,,0.0019,,0.004,,,,,,,,,,,,,,,,,,,,,,,,,,,,,,,,,,,,,,,,,,,,,,,,,,,,,,,,,,,,,,,,,,,,,,,,,,,,,,,,,,,,,,,,,,,,,,,,,,,,,,,,,,,,,,,,,,,,,,,,,,,,,,,,,,,,,,,,,,,,,,,,,,,,,,,,,,,,,,,,,,,,,,,,,,,,,,,,,,,,,,,,,,,,,,,,,,,,,,,,,,,,,,,,,,,,,,,,,,,,,,,,,,,,,,,,,,,,,,,,,,,,,,,,,,,,,,,,,,,,,,,,,,,,,,,,,,,,,,,,,,,,,,,,,,,,,,,,,,,,,,,,,,,,,,,,,,,,,,,,,,,,,,,,,,,,,,,,,,,,,,,,,,,,,,,,,,,,,,,,,,,,,,,,,,,,,,,,,,,,,,,,,,,,,,,,,,,,,,,,,,,,,,,,,,,,,,,,,,,,,,,,,,,,,,,,,,,,,,,,,,,,,,,,
10.5066/P9DSRCZJ,NH3,,,,,,,,,,,,,,,,,,,,,,,0.016,,,,,,,,,,,,0.017,,0.036,,,0.0058,,0.007,,0.0051,,,,,0.008,,0.013,,,,,,,,,,,,,,,,,,,,,,,,,,,,,,0.57,,0.23,,,0.18,,,,,,,,,,,,,,,,,,,,,,,,,,,,,,,,,,,,,,,,,,,,,,,,,,,,,,,,,,,,,,,,,,,,,,,,,,,,,,,,,,,,,,,,,,,,,,,,,,,,,,,,,,,,,,,,,,,,,,,,,,,,,,,,,,,,,,,,,,,,,,,,,,,,,,,,,,,,,,,,,,,,,,,,,,,,,,,,,,,,,,,,,,,,,,,,,,,,,,,,,,,,,,,,,,,,,,,,,,,,,,,,,,,,,,,,,,,,,,,,,,,,,,,,,,,,,,,,,,,,,,,,,,,,,,,,,,,,,,,,,,,,,,,,,,,,,,,,,,,,,,,,,,,,,,,,,,,,,,,,,,,,,,,,,,,,,,,,,,,,,,,,,,,,,,,,,,,,,,,,,,,,,,,,,,,,,,,,,,,,,,,,,,,,,,,,,,,,,,,,,,,,,,,,,,,,,
