Source,Element,Concentration (mg/L),Unnamed: 4,Unnamed: 5,Unnamed: 6,Unnamed: 7,Unnamed: 8,Unnamed: 9,Unnamed: 10,Unnamed: 11,Unnamed: 12,Unnamed: 13,Unnamed: 14,Unnamed: 15,Unnamed: 16,Unnamed: 17,Unnamed: 18,Unnamed: 19,Unnamed: 20,Unnamed: 21,Unnamed: 22,Unnamed: 23,Unnamed: 24,Unnamed: 25,Unnamed: 26,Unnamed: 27,Unnamed: 28,Unnamed: 29,Unnamed: 30,Unnamed: 31,Unnamed: 32,Unnamed: 33,Unnamed: 34,Unnamed: 35,Unnamed: 36,Unnamed: 37,Unnamed: 38,Unnamed: 39,Unnamed: 40,Unnamed: 41,Unnamed: 42,Unnamed: 43,Unnamed: 44,Unnamed: 45,Unnamed: 46,Unnamed: 47,Unnamed: 48,Unnamed: 49,Unnamed: 50,Unnamed: 51,Unnamed: 52,Unnamed: 53,Unnamed: 54,Unnamed: 55,Unnamed: 56,Unnamed: 57,Unnamed: 58,Unnamed: 59,Unnamed: 60,Unnamed: 61,Unnamed: 62,Unnamed: 63,Unnamed: 64,Unnamed: 65,Unnamed: 66,Unnamed: 67,Unnamed: 68,Unnamed: 69,Unnamed: 70,Unnamed: 71,Unnamed: 72,Unnamed: 73,Unnamed: 74,Unnamed: 75,Unnamed: 76,Unnamed: 77,Unnamed: 78,Unnamed: 79,Unnamed: 80,Unnamed: 81,Unnamed: 82,Unnamed: 83,Unnamed: 84,Unnamed: 85,Unnamed: 86,Unnamed: 87,Unnamed: 88,Unnamed: 89,Unnamed: 90,Unnamed: 91,Unnamed: 92,Unnamed: 93,Unnamed: 94,Unnamed: 95,Unnamed: 96
https://www.epa.gov/sites/default/files/2015-10/documents/nfmm_dd_1989_vol_1.pdf  P278,pH,2.6,3.1,,,,,,,,,,,,,,,,,,,,,,,,,,,,,,,,,,,,,,,,,,,,,,,,,,,,,,,,,,,,,,,,,,,,,,,,,,,,,,,,,,,,,,,,,,,,
https://www.epa.gov/sites/default/files/2015-10/documents/nfmm_dd_1989_vol_1.pdf  P278,Fe,336,800,,,,,,,,,,,,,,,,,,,,,,,,,,,,,,,,,,,,,,,,,,,,,,,,,,,,,,,,,,,,,,,,,,,,,,,,,,,,,,,,,,,,,,,,,,,,
https://www.epa.gov/sites/default/files/2015-10/documents/nfmm_dd_1989_vol_1.pdf  P278,Cu,51.6,128,,,,,,,,,,,,,,,,,,,,,,,,,,,,,,,,,,,,,,,,,,,,,,,,,,,,,,,,,,,,,,,,,,,,,,,,,,,,,,,,,,,,,,,,,,,,
https://www.epa.gov/sites/default/files/2015-10/documents/nfmm_dd_1989_vol_1.pdf  P278,Mn,4.52,19,,,,,,,,,,,,,,,,,,,,,,,,,,,,,,,,,,,,,,,,,,,,,,,,,,,,,,,,,,,,,,,,,,,,,,,,,,,,,,,,,,,,,,,,,,,,
https://www.epa.gov/sites/default/files/2015-10/documents/nfmm_dd_1989_vol_1.pdf  P278,Al,20.8,62.5,,,,,,,,,,,,,,,,,,,,,,,,,,,,,,,,,,,,,,,,,,,,,,,,,,,,,,,,,,,,,,,,,,,,,,,,,,,,,,,,,,,,,,,,,,,,
https://www.epa.gov/sites/default/files/2015-10/documents/nfmm_dd_1989_vol_1.pdf  P278,Zn,122,294,,,,,,,,,,,,,,,,,,,,,,,,,,,,,,,,,,,,,,,,,,,,,,,,,,,,,,,,,,,,,,,,,,,,,,,,,,,,,,,,,,,,,,,,,,,,
https://www.epa.gov/sites/default/files/2015-10/documents/nfmm_dd_1989_vol_1.pdf  P278,Pb,0.04,0.5,,,,,,,,,,,,,,,,,,,,,,,,,,,,,,,,,,,,,,,,,,,,,,,,,,,,,,,,,,,,,,,,,,,,,,,,,,,,,,,,,,,,,,,,,,,,
https://www.epa.gov/sites/default/files/2015-10/documents/nfmm_dd_1989_vol_1.pdf  P278,Ni,0.19,0.51,,,,,,,,,,,,,,,,,,,,,,,,,,,,,,,,,,,,,,,,,,,,,,,,,,,,,,,,,,,,,,,,,,,,,,,,,,,,,,,,,,,,,,,,,,,,
https://www.epa.gov/sites/default/files/2015-10/documents/nfmm_dd_1989_vol_1.pdf  P278,As,6.01,22,,,,,,,,,,,,,,,,,,,,,,,,,,,,,,,,,,,,,,,,,,,,,,,,,,,,,,,,,,,,,,,,,,,,,,,,,,,,,,,,,,,,,,,,,,,,
https://www.epa.gov/sites/default/files/2015-10/documents/nfmm_dd_1989_vol_1.pdf  P278,Cd,0.44,1,,,,,,,,,,,,,,,,,,,,,,,,,,,,,,,,,,,,,,,,,,,,,,,,,,,,,,,,,,,,,,,,,,,,,,,,,,,,,,,,,,,,,,,,,,,,
https://www.epa.gov/sites/default/files/2015-10/documents/nfmm_dd_1989_vol_1.pdf  P278,SO4,1400,3820,,,,,,,,,,,,,,,,,,,,,,,,,,,,,,,,,,,,,,,,,,,,,,,,,,,,,,,,,,,,,,,,,,,,,,,,,,,,,,,,,,,,,,,,,,,,
https://www.epa.gov/sites/default/files/2015-10/documents/nfmm_dd_1989_vol_1.pdf  P278,TDS,1941.6000000000001,5147.51,,,,,,,,,,,,,,,,,,,,,,,,,,,,,,,,,,,,,,,,,,,,,,,,,,,,,,,,,,,,,,,,,,,,,,,,,,,,,,,,,,,,,,,,,,,,
https://doi.org/10.1007/s10311-019-00894-w,Al,251,163,76,3073,293,150,,,,,,,,,,,,,,,,,,,,,,,,,,,,,,,,,,,,,,,,,,,,,,,,,,,,,,,,,,,,,,,,,,,,,,,,,,,,,,,,,,,,,,,,
https://doi.org/10.1007/s10311-019-00894-w,Ca,441,81.6,464,514,313,170,,,,,,,,,,,,,,,,,,,,,,,,,,,,,,,,,,,,,,,,,,,,,,,,,,,,,,,,,,,,,,,,,,,,,,,,,,,,,,,,,,,,,,,,
https://doi.org/10.1007/s10311-019-00894-w,Fe,744,153,13,1487,13.4,340,,,,,,,,,,,,,,,,,,,,,,,,,,,,,,,,,,,,,,,,,,,,,,,,,,,,,,,,,,,,,,,,,,,,,,,,,,,,,,,,,,,,,,,,
https://doi.org/10.1007/s10311-019-00894-w,Mg,1104,199,1280,1664,436,220,,,,,,,,,,,,,,,,,,,,,,,,,,,,,,,,,,,,,,,,,,,,,,,,,,,,,,,,,,,,,,,,,,,,,,,,,,,,,,,,,,,,,,,,
https://doi.org/10.1007/s10311-019-00894-w,SO4,11700,2122,8390,22700,8250,4300,,,,,,,,,,,,,,,,,,,,,,,,,,,,,,,,,,,,,,,,,,,,,,,,,,,,,,,,,,,,,,,,,,,,,,,,,,,,,,,,,,,,,,,,
https://doi.org/10.1007/s10311-019-00894-w,Cu,165,11.7,3,138,615,90,,,,,,,,,,,,,,,,,,,,,,,,,,,,,,,,,,,,,,,,,,,,,,,,,,,,,,,,,,,,,,,,,,,,,,,,,,,,,,,,,,,,,,,,
https://doi.org/10.1007/s10311-019-00894-w,Mn,467,21.9,22,230,203, ,,,,,,,,,,,,,,,,,,,,,,,,,,,,,,,,,,,,,,,,,,,,,,,,,,,,,,,,,,,,,,,,,,,,,,,,,,,,,,,,,,,,,,,,
https://doi.org/10.1007/s10311-019-00894-w,Zn,976,51.2,2,81,68.5,120,,,,,,,,,,,,,,,,,,,,,,,,,,,,,,,,,,,,,,,,,,,,,,,,,,,,,,,,,,,,,,,,,,,,,,,,,,,,,,,,,,,,,,,,
https://doi.org/10.1007/s10311-019-00894-w,TDS,15848,2803.3999999999996,10250,29887,10191.9,5390,,,,,,,,,,,,,,,,,,,,,,,,,,,,,,,,,,,,,,,,,,,,,,,,,,,,,,,,,,,,,,,,,,,,,,,,,,,,,,,,,,,,,,,,
https://doi.org/10.1016/j.gexplo.2007.04.011,pH,3.2,6.1,6.6,2.9,2.4,5.3,6.1,4.2,3.8,3.5,7.7,7.8,7.5,7.7,,,,,,,,,,,,,,,,,,,,,,,,,,,,,,,,,,,,,,,,,,,,,,,,,,,,,,,,,,,,,,,,,,,,,,,,,,,,,,,,
https://doi.org/10.1016/j.gexplo.2007.04.011,Pb,4.8,,0.1,0.1,1.7,2.3,2.5,1.8,1.7,,,,,,,,,,,,,,,,,,,,,,,,,,,,,,,,,,,,,,,,,,,,,,,,,,,,,,,,,,,,,,,,,,,,,,,,,,,,,,,,,,,,,
https://doi.org/10.1016/j.gexplo.2007.04.011,Cd,127,0.8,0.7,2.8,13,4.7,6.2,37,310,0.7,0.1,0.1,,,,,,,,,,,,,,,,,,,,,,,,,,,,,,,,,,,,,,,,,,,,,,,,,,,,,,,,,,,,,,,,,,,,,,,,,,,,,,,,,,
https://doi.org/10.1016/j.gexplo.2007.04.011,Zn,34800,700,30,600,2800,600,1300,7900,87500,100,2.2,0.4,,,,,,,,,,,,,,,,,,,,,,,,,,,,,,,,,,,,,,,,,,,,,,,,,,,,,,,,,,,,,,,,,,,,,,,,,,,,,,,,,,
https://doi.org/10.1016/j.gexplo.2007.04.011,Cu,94,,,4.4,32.6,0.1,,2.3,38,0.2,,,,,,,,,,,,,,,,,,,,,,,,,,,,,,,,,,,,,,,,,,,,,,,,,,,,,,,,,,,,,,,,,,,,,,,,,,,,,,,,,,,,
https://doi.org/10.1016/j.gexplo.2007.04.011,As,1.2,,,0.1,9.4,,0.1,0.4,5.6,,,,,,,,,,,,,,,,,,,,,,,,,,,,,,,,,,,,,,,,,,,,,,,,,,,,,,,,,,,,,,,,,,,,,,,,,,,,,,,,,,,,,
https://doi.org/10.1016/j.gexplo.2007.04.011,Fe,90,,,92,1460,,,,210,,,,,,,,,,,,,,,,,,,,,,,,,,,,,,,,,,,,,,,,,,,,,,,,,,,,,,,,,,,,,,,,,,,,,,,,,,,,,,,,,,,,,
https://doi.org/10.1016/j.gexplo.2007.04.011,Mn,2410,78,2.1,105,975,96,115,456,9580,35,0.5,,,,,,,,,,,,,,,,,,,,,,,,,,,,,,,,,,,,,,,,,,,,,,,,,,,,,,,,,,,,,,,,,,,,,,,,,,,,,,,,,,,
https://doi.org/10.1016/j.gexplo.2007.04.011,Cl,1300,300,300,200,400,300,1300,700,700,40,16500,14500,3700,2700,,,,,,,,,,,,,,,,,,,,,,,,,,,,,,,,,,,,,,,,,,,,,,,,,,,,,,,,,,,,,,,,,,,,,,,,,,,,,,,,
https://doi.org/10.1016/j.gexplo.2007.04.011,SO4,147.2,10.1,13.5,10.9,32.4,10.4,69.9,26.4,277.1,1.8,5950,6400,1200,2600,,,,,,,,,,,,,,,,,,,,,,,,,,,,,,,,,,,,,,,,,,,,,,,,,,,,,,,,,,,,,,,,,,,,,,,,,,,,,,,,
https://doi.org/10.1016/j.gexplo.2007.04.011,Na,0.1,141.6,24.9,21.8,30.3,108.4,240.1,55,0.1,13.8,9200,8900,1800,13700,,,,,,,,,,,,,,,,,,,,,,,,,,,,,,,,,,,,,,,,,,,,,,,,,,,,,,,,,,,,,,,,,,,,,,,,,,,,,,,,
https://doi.org/10.1016/j.gexplo.2007.04.011,K,2904,110.1,0.1,156.1,491.8,140,173.7,555.9,11192.6,54.4,198.2,204.1,41,430,,,,,,,,,,,,,,,,,,,,,,,,,,,,,,,,,,,,,,,,,,,,,,,,,,,,,,,,,,,,,,,,,,,,,,,,,,,,,,,,
https://doi.org/10.1016/j.gexplo.2007.04.011,Ca,600,500,500,500,500,500,900,600,400,300,747.2,1049.4,445,478,,,,,,,,,,,,,,,,,,,,,,,,,,,,,,,,,,,,,,,,,,,,,,,,,,,,,,,,,,,,,,,,,,,,,,,,,,,,,,,,
https://doi.org/10.1016/j.gexplo.2007.04.011,Mg,12500,1700,3100,1600,2300,1900,17000,2600,15800,100,1556.6,1774,402,1581,,,,,,,,,,,,,,,,,,,,,,,,,,,,,,,,,,,,,,,,,,,,,,,,,,,,,,,,,,,,,,,,,,,,,,,,,,,,,,,,
https://doi.org/10.1016/j.gexplo.2007.04.011,TDS,54978.299999999996,3540.5999999999995,3971.4,3293.2,9046.2,3661.9,21107.5,12934.8,126015.10000000002,645.9000000000001,34154.8,32828,7588,21489,,,,,,,,,,,,,,,,,,,,,,,,,,,,,,,,,,,,,,,,,,,,,,,,,,,,,,,,,,,,,,,,,,,,,,,,,,,,,,,,
https://doi.org/10.1016/j.apgeochem.2015.03.001,Al,4.69,0.8300000000000001,1.96,0.401,18.5,0.562,0.1,0.012,1.97,3.37,0.077,0.641,38.800000000000004,24.400000000000002,8.68,0.039,33.6, ,0.007,48.6,46.6,0.524,125,119, ,1.48,0.013000000000000001,99.60000000000001,122,1.6500000000000001,0.003,0.05,35.800000000000004,0.01,0.41400000000000003,58.800000000000004,63.6,66,2.0300000000000002,0.015,0.002,22.6,6.41,2.57,1.57,0.1,0.033,14.6,1.49,0.257,0.482,0.1,0.6,0.089,1.81, ,0.0955,0.036000000000000004,0.037,0.2,0.044,0.857,0.1,0.003,0.009000000000000001,2.5300000000000002,0.073,0.027, ,0.062,0.014,0.1,0.012,0.088,0.6,0.312,0.012,0.018000000000000002,0.388,0.244,0.098,1.12,0.1,0.687,0.012,0.023,0.01,1.2,0.021,0.1,1.1,0.004,0.153,0.49
https://doi.org/10.1016/j.apgeochem.2015.03.001,As,0.0005600000000000001,0.00226,0.00434,0.00148,0.00069,0.00028000000000000003,0.00042,0.00014000000000000001,0.00025,0.00045000000000000004,0.00015,0.00074,0.00049,0.020800000000000003,0.00021,0.00067,0.0375,0.015,0.00412,0.00042,0.00075,0.0016899999999999999,0.336,0.29,0.00084,0.00047,0.00033,0.0010400000000000001,0.00348,0.00098,0.00019,0.00302,0.00102,0.0013000000000000002,0.00064,0.0015300000000000001,0.00192,0.0020800000000000003,0.0115,0.0032500000000000003,0.0007199999999999999,0.00256,0.00022,0.0010500000000000002,0.0001,0.0114,0.007730000000000001,0.00026000000000000003,0.00037,0.0008100000000000001,0.0012900000000000001,0.00076,0.00015,0.00016,0.0018100000000000002,0.0005200000000000001,0.00019,0.0002,0.00012,8.999999999999999e-05,8.999999999999999e-05,0.0001,0.00085,0.0002,0.00047,8e-05,0.00012,0.00017999999999999998,0.00215,0.0105, ,0.00016,7.000000000000001e-05,0.00035,0.00024,0.0006,0.00021,0.00013000000000000002,0.00035,0.00079,0.00054,0.00013000000000000002,0.00096,0.00068,0.00547,0.00055,0.00027,0.0001,0.00017,0.00014000000000000001,0.00046,0.0010600000000000002,0.00289,0.00011
https://doi.org/10.1016/j.apgeochem.2015.03.001,Au, , , , , , , , , , , , , , , , , , , , , , , , , , , , , , , , , , , , , , ,2e-06, , , , , , , ,2.5e-05, , , , , , , , , , , , , , , , , , , , , , , , , , , , , , , , , , , , , , , , , , , , , ,1.5e-05,
https://doi.org/10.1016/j.apgeochem.2015.03.001,Ba,0.0205,0.0291,0.0202,0.015300000000000001,0.0157,0.011300000000000001,0.043000000000000003,0.251,0.0286,0.028300000000000002,0.10400000000000001,0.010199999999999999,0.006900000000000001,0.0157,0.0195,0.113,0.0091,0.0192,0.05,0.0060999999999999995,0.006900000000000001,0.0146,0.0064,0.007200000000000001,0.0111,0.0289,0.064,0.0083,0.0085,0.123,0.041,0.016800000000000002,0.016399999999999998,0.134,0.0522,0.0089,0.0317,0.0282,0.0154,0.0125,0.015,0.0197,0.0129,0.014199999999999999,0.0212,0.01,0.0318,0.0103,0.021,0.02,0.019600000000000003,0.0126,0.013000000000000001,0.0075,0.092,0.17500000000000002,0.019899999999999998,0.027800000000000002,0.0086,0.006500000000000001,0.014400000000000001,0.0205,0.0045000000000000005,0.0123,0.0302,0.0121,0.0294,0.0058,0.04870000000000001,0.0522,0.005200000000000001,0.020399999999999998,0.0117,0.025500000000000002,0.0218,0.10200000000000001,0.0188,0.0076,0.0149,0.042,0.0507,0.0179,0.0179,0.0117,0.0040999999999999995,0.0092,0.016,0.0058,0.0077,0.0035,0.030600000000000002,0.0047,0.0928,0.0078
https://doi.org/10.1016/j.apgeochem.2015.03.001,Be,0.0039,0.0012,0.0024,0.001,0.0109,0.0010500000000000002, , ,0.00405,0.0068, ,0.0003,0.0217,0.00705,0.00425, ,0.0083, , ,0.0221,0.0217,0.0003,0.028,0.041100000000000005, ,0.0018000000000000002, ,0.038,0.048299999999999996,0.0001, , ,0.013000000000000001, , ,0.02,0.022,0.0185,0.001,0.0001, ,0.00945,0.00385,0.008150000000000001,0.0011,0.0005, ,0.0076,0.0021000000000000003,0.0001,0.0007,0.0003, ,0.0009000000000000001, , ,0.0004, , ,0.0001, ,0.0006, , , , , ,0.0005, ,0.00085, , , , , , , , ,0.0001, , , , , , , , ,0.0012, , ,0.0005, , ,0.0001
https://doi.org/10.1016/j.apgeochem.2015.03.001,Bi, , , , , , , , , , , , , , , , , , , , , , , , , , , , , , , , , , , , , , , , , , , , , , , , , , , , , , , , , , , , , , , , , , , , , , , , , , , , , , , , , , , , , , , , , , , , , ,
https://doi.org/10.1016/j.apgeochem.2015.03.001,Br,0.356,0.061,0.012,0.036,0.025,0.063,0.093,0.037,0.041,0.071,0.023,0.021,0.014,0.04,0.014,0.03,0.728,0.058,0.034,0.012,0.05,0.114,0.167,0.111,0.041,0.046,0.035,0.134,0.038,0.028,0.034,0.092,0.066,0.022,0.028,0.044,0.424,0.471,11.2,0.063,0.031,0.026,0.023,0.028,0.019,3.47,13.2,0.012,0.34,0.055,0.013,0.027,0.024,0.063,0.097,0.038,0.064,0.081,0.024,0.051,0.026,0.048,0.303,0.051,0.028,0.009,0.028,0.105,0.078,0.084,0.049,0.061,0.051,0.029,0.021,0.026,0.022,0.082,0.118,0.043,0.027,0.038,0.505,0.61,10.3,0.064,0.028,0.023,0.028,0.076,0.026,3.04,9,0.077
https://doi.org/10.1016/j.apgeochem.2015.03.001,Ca,42.2,22.1,46.8,116,72.8,198,150,24.2,217,210,103,260,202,162,188,152,424,242,118,50.2,80,141,426,420,275,190,110,413,419,36,152,412,198,94.5,110,232,250,242,409,286,328,147,67,360,101,386,153,57.6,63.1,35.3,47.5,175,206,202,149,26,299,320,262,178,312,180,16.4,234,111,386,520,120,1190,765,194,104,72,932,1110,33.6,73.8,404,164,298,112,392,672,631,660,275,286,226,114,193,111,550,172,40.2
https://doi.org/10.1016/j.apgeochem.2015.03.001,Cd,0.0008,0.00031,0.00025,0.000425,0.0012,0.000925,6e-05, ,0.00075,0.000605, ,0.00013000000000000002,0.00401,0.00095,0.00264, ,0.0022,4e-05,2e-05,0.0063,0.00649,3e-05,0.00425,0.00221, ,0.00136,8.999999999999999e-05,0.0353,0.0346,5e-05,0.00014000000000000001,0.0001,0.00314,4e-05,4e-05,0.00298,0.008310000000000001,0.00649,0.0005,5e-05,2e-05,0.00459,0.000925,0.0016,0.000295,5e-05, ,0.00188,0.0007650000000000001,3e-05,0.000315,0.00017999999999999998,6e-05,0.00016,5e-05, ,0.000425,0.000295,8.999999999999999e-05,0.00093,8.999999999999999e-05,0.00211,1e-05,2e-05,2e-05,2e-05, ,1e-05, ,0.0005949999999999999, ,4e-05, ,0.00128,0.00055,4e-05,2e-05,6e-05,0.00017999999999999998,5e-05,2e-05,7.000000000000001e-05,0.0001,4e-05,8e-05,1e-05,2e-05,0.00023,0.00017,3e-05,0.00021,6e-05,8e-05,4e-05
https://doi.org/10.1016/j.apgeochem.2015.03.001,Ce,0.016800000000000002,0.00382,0.0115,0.00658,0.0718,0.0187,0.0005,2.9000000000000004e-05,0.009640000000000001,0.0105,0.00015,0.00452,0.0931,0.0592,0.057600000000000005,5e-05,0.0517,0.000115,8.8e-05,0.11900000000000001,0.122,0.0006770000000000001,0.122,0.107,0.00015,0.013800000000000002,8.5e-05,0.33,0.34,0.00209,1.2e-05,0.0024100000000000002,0.21,0.000252,0.000799,0.106,0.44,0.4,0.013000000000000001,0.000707,0.00021,0.154,0.0155,0.21,0.0176,0.00277,0.000245,0.0422,0.0132,0.00041,0.0031000000000000003,0.0019399999999999999,0.000462,0.00199,0.00226,0.000201,0.0006929999999999999,0.000213,0.000205,0.000958,0.000105,0.0106,2.4e-05,7e-06,1.4e-05,0.000297,1e-06,1.3e-05,7e-06,0.00296,2e-05,0.000357,2.7e-05,0.00195,0.0029700000000000004,0.000208,2.7e-05,4e-05,0.0027300000000000002,0.000738,0.00034899999999999997,0.000165,7.2e-05,0.000115,6.6e-05,6.6e-05,1.4e-05,0.010400000000000001,7.9e-05,0.00048,0.00763,9e-06,0.00014000000000000001,0.00041099999999999996
https://doi.org/10.1016/j.apgeochem.2015.03.001,Cl,54.8,3.4,1.57,4.58,3.48,4.4,12.2,9.75,15,15.8,3.42,3.76,1.72,14.6,5.94,10.2,46.7,5.88,14.2,0.84,1.2,30.4,12,11.3,5.08,6.3,9.3,2.2,1.9,4.46,2.68,7.08,103,2.82,8.6,7.34,61.6,60.4,1690,62.6,2.45,1.82,8.02,4.94,2.49,397,2020,0.88,54.6,3.5,1.59,4.48,3.86,4.92,18.6,8,8.06,11.8,3.76,6.14,11.2,6.82,42,5.92,14,0.99,1.4,30.6,11,12,8.86,11.4,10.7,27.1,1.36,15.6,2.35,6.3,98.8,3.86,8.54,6.76,81.2,85.1,1820,90.4,1.6,1.96,6.81,11.8,2.51,385,1410,3.44
https://doi.org/10.1016/j.apgeochem.2015.03.001,Co,0.122,0.0593,0.0773,0.10200000000000001,0.256,0.09509999999999999,0.00426,0.0005570000000000001,0.186,0.189,0.000555,0.045200000000000004,0.873,0.10400000000000001,0.215,0.00171,0.904, ,0.00206,1.33,1.43,0.017,0.608,0.728,0.133,0.378,0.0366,5.2700000000000005,4.75,0.019600000000000003,0.0022400000000000002,0.116,0.309,0.00386,0.0021000000000000003,0.28300000000000003,0.717,0.667,0.0538,0.139,0.0188,0.43,0.132,0.843,0.0506,0.0028799999999999997,0.00176,0.256,0.11800000000000001,0.00542,0.0723,0.039200000000000006,0.020800000000000003,0.00828,0.007330000000000001,0.0010400000000000001,0.0898,0.0888,0.025,0.17200000000000001,0.018000000000000002,0.176,0.00013800000000000002, ,0.000184,0.00216,0.000363,0.00030900000000000003, ,0.128,0.0022400000000000002,0.00878,0.0167,0.182,0.0324,0.0178,0.000719,0.0017900000000000001,0.018000000000000002,0.01,0.00204,0.0059900000000000005,0.000858,0.0008,0.000804,0.0017900000000000001,0.00046400000000000006,0.0108,0.00117,0.00488,0.0412,0.00028000000000000003,0.00528,0.00326
https://doi.org/10.1016/j.apgeochem.2015.03.001,Cr,0.0016, , , ,0.0045000000000000005,0.0007, , ,0.0011, , , ,0.0012,0.016, , ,0.024,0.0007, ,0.00614,0.005200000000000001, ,0.055,0.112, , , ,0.00935,0.0198,0.006, , ,0.0073, ,0.0006,0.0258,0.0106,0.0109, , , ,0.0037,0.0014,0.0017, ,0.0038, ,0.0027, , , , ,0.0006, , , , ,0.0593, , , , , , , , ,0.0006, , ,0.0135, , , , , , , , , ,0.0374, , , , , , , ,0.0009000000000000001, , ,0.0006, , ,0.0012
https://doi.org/10.1016/j.apgeochem.2015.03.001,Cs,0.000146,8.7e-05,0.000194,0.000194,0.00019700000000000002,0.00011,6e-05,3.8e-05,0.00016700000000000002,0.00013000000000000002,5e-05,2.1000000000000002e-05,0.000114,0.00014299999999999998,6.900000000000001e-05,0.000125,0.000536,4.4999999999999996e-05,3.4000000000000007e-05,0.0001,0.00014000000000000001,5.9e-05,0.00115,0.00116,1.5e-05,0.000179,5.2e-05,0.00027100000000000003,0.000393,0.00014199999999999998,1.8e-05,4.1e-05,2.4e-05,0.000121,8.9e-05,0.00037600000000000003,0.00014299999999999998,0.000115,0.0006500000000000001,3.1e-05,2.1000000000000002e-05,2.2e-05,2.3e-05,0.000109,2.1000000000000002e-05,0.00083,0.00011,3.3e-05,0.00014099999999999998,7.9e-05,0.000174,0.000206,0.000205,9.5e-05,0.00032,5.800000000000001e-05,0.0001,0.00012,2.3e-05,0.000122,0.00011600000000000001,7.7e-05,8.9e-05,3.7e-05,4.1e-05,0.000124,0.000184,7.099999999999999e-05,0.00114,0.00126,2.5e-05,0.000114,6.1e-05,0.000266,0.000355,2.1000000000000002e-05,5e-06,3.1e-05,4.8e-05,0.000236,5.7e-05,0.000247,0.000315,0.000366,0.000609,2.5e-05,1e-05,3.2e-05,1e-05,8.599999999999999e-05,4.2000000000000004e-05,0.000951,0.000105,4.4e-05
https://doi.org/10.1016/j.apgeochem.2015.03.001,Cu,0.048799999999999996,0.00915,0.00405,0.0057,0.034100000000000005,0.00505,0.0012,0.0005,0.0655,0.0277, ,0.0005,0.0528,0.0621,0.0182, ,0.0445,0.0007,0.0004,0.0901,0.0693,0.0013000000000000002,0.033,0.010400000000000001,0.0017,0.0151,0.0003,0.281,0.337,0.00285,0.0002, ,0.0253,0.0008,0.001,0.148,0.0787,0.0439,0.0211, ,0.0002,0.0305,0.00675,0.0004,0.0016,0.029,0.0315,0.0193,0.0305,0.0016,0.0016,0.0015,0.0005,0.0013000000000000002,0.0057,0.0007,0.0039, ,0.0003,0.0022,0.0003,0.00275,0.019,0.0003, ,0.0027,0.0019,0.0207,0.0003, ,0.0040999999999999995,0.0007, , ,0.0005,0.0002, , ,0.0032,0.0012,0.0007,0.0009000000000000001,0.004200000000000001,0.0002,0.0162,0.0002, ,0.00285,0.0004,0.00315,0.0015,0.020399999999999998,0.02,0.001
https://doi.org/10.1016/j.apgeochem.2015.03.001,Dy,0.0019,0.000482,0.0009050000000000001,0.00037600000000000003,0.0156,0.00336,0.000105,1.3e-05,0.00468,0.00601,2.5e-05,0.00102,0.042100000000000005,0.0121,0.0137,5e-06,0.0432,3.3e-05,1.9e-05,0.0291,0.0299,0.000314,0.0905,0.101,6e-05,0.00457,1.9e-05,0.105,0.11800000000000001,0.000298,1e-06,0.00049,0.0302,4e-06,7.7e-05,0.032,0.14400000000000002,0.0905,0.0045000000000000005,0.000305,3.7e-05,0.0334,0.0049900000000000005,0.0299,0.00316,0.00326,3e-05,0.013300000000000001,0.00135,4.8e-05,0.000244,9.900000000000001e-05,8.7e-05,0.00069,0.00032,2.1000000000000002e-05,0.000359,7.5e-05,4.9000000000000005e-05,0.000176,1.9e-05,0.00176,3e-06,1e-06,2e-06,6.800000000000001e-05, ,5e-06,3e-06,0.00044, ,0.000101,8e-06,0.00016700000000000002,0.000262,2.4e-05,4e-06,1.2e-05,0.000224,8.7e-05,2.8e-05,4.1e-05,1.8e-05,3.8e-05,1.9e-05,1.1e-05,3e-06,0.00319,1.6e-05,6.3e-05,0.0013100000000000002,6e-06,2.5e-05,8.9e-05
https://doi.org/10.1016/j.apgeochem.2015.03.001,Er,0.00108,0.00027200000000000005,0.000515,0.000212,0.00788,0.0018000000000000002,5.5e-05,7e-06,0.00207,0.0026200000000000004,1e-05,0.000448,0.0209,0.00617,0.00671, ,0.0195,2.3e-05,1.3e-05,0.0172,0.0176,0.000164,0.0451,0.0529,3.8e-05,0.0021000000000000003,8e-06,0.0588,0.0628,0.00013000000000000002,1e-06,0.00023300000000000003,0.0147, ,3.3e-05,0.0149,0.0681,0.042,0.0024700000000000004,0.000179,1.5e-05,0.014400000000000001,0.00231,0.0141,0.00146,0.00196,3e-05,0.00605,0.000757,2.8e-05,0.000132,6.3e-05,4.6e-05,0.00035999999999999997,0.000135,1.2e-05,0.000173,3.8e-05,2.2e-05,9.2e-05,8e-06,0.00086,2e-06, ,2e-06,4.1e-05,1e-06,3e-06,1e-06,0.000184, ,5.4e-05,3e-06,8.9e-05,0.000152,1e-05,2e-06,6e-06,9.900000000000001e-05,3.9e-05,1.3e-05,1.8e-05,7e-06,1.7000000000000003e-05,1e-05,5e-06,2e-06,0.00136,9e-06,3.2e-05,0.00061,3e-06,3e-05,4.4999999999999996e-05
https://doi.org/10.1016/j.apgeochem.2015.03.001,Eu,0.000427,0.000105,0.000275,0.00011600000000000001,0.0039900000000000005,0.000724,4e-05,9e-06,0.00113,0.0013000000000000002,1.5e-05,0.00026900000000000003,0.00869,0.00289,0.0033, ,0.010400000000000001,7e-06,6e-06,0.0051600000000000005,0.00543,5.2e-05,0.0177,0.0179,1e-05,0.0010600000000000002,3e-06,0.0184,0.023899999999999998,9.1e-05,3e-06,0.000118,0.00894,1.1e-05,3.6e-05,0.00976,0.0369,0.024,0.00099,4.8e-05,9e-06,0.00931,0.00124,0.00697,0.000823,0.000537,1e-05,0.0034,0.000314,1.2e-05,6.800000000000001e-05,2.9000000000000004e-05,2.3e-05,0.000155,0.00012,1.3e-05,6.500000000000001e-05,1.5e-05,1.2e-05,4.4e-05,6e-06,0.000416,2e-06,1e-06,3e-06,1.5e-05, ,1e-06,6e-06,0.000191, ,2.9000000000000004e-05, ,3.9e-05,6.900000000000001e-05,9e-06,4e-06,1e-06,7.5e-05,2.6e-05,1.5e-05,1.1e-05,6e-06,1e-05,4e-06,3e-06,1e-06,0.000889,4e-06,1.7000000000000003e-05,0.00034,1e-06,1e-05,2.4e-05
https://doi.org/10.1016/j.apgeochem.2015.03.001,F,0.04,0.02,0.06, ,0.26, , ,0.34, , ,0.07, ,1.61,0.3,0.63,0.06, ,0.24,0.28,0.5,0.69,0.15,2.86,5.04, , ,0.04, , ,0.06,0.03, ,0.62,0.04,0.06,0.77,3.29,2.87, , , ,0.89,0.27, ,0.22, ,0.32,0.59, ,0.02,0.05, ,0.17, , ,0.3, , , ,0.31, ,0.26, ,0.16,0.19,0.32, ,0.13,1.55,1.06, , , , , ,0.02,0.04, ,0.2, ,0.06,0.43,0.61,1.33, , , ,0.6,0.29, ,0.25, , ,0.46
https://doi.org/10.1016/j.apgeochem.2015.03.001,Fe,8.42,6.78,15.9,7.5200000000000005,19.3, ,1.72,1.31,8.77,24.8,0.114,11.5,4.4,280,1.31,0.10200000000000001,1840,36.4,20,7.75,10.5,20.3,3870,4200,27.8,1.8900000000000001,1.19,78.2,37.4,3.97,2.68,16.4,18.900000000000002,0.060700000000000004,0.884,128,392,205,464,34.300000000000004,2.8000000000000003,3.7600000000000002,1.61,77.2,0.259,590,2.2600000000000002,0.373,3.74,0.662,6.84,2.46,0.0793,0.061700000000000005,4.22,0.488,0.92,0.774,0.6900000000000001, ,0.972,0.0963,0.0337,0.0925,1.3800000000000001,0.038,0.3,0.28600000000000003,0.214,1020,0.24,0.13,0.0533,0.318,1.12,0.904,0.398,0.17300000000000001,0.148,0.486,0.23,0.324,0.581,0.28,1.36,1.27,0.161,0.136,0.08600000000000001,0.299,1.3800000000000001,1.02,0.115,0.077
https://doi.org/10.1016/j.apgeochem.2015.03.001,Ga,0.00011,4e-05,6e-05,0.00015,0.00118,0.00033,5e-05,4e-05,0.00034,0.00025, ,0.00027,0.0012,0.00222,0.00061,5e-05,0.00073,3e-05,1e-05,0.00101,0.0017,2e-05,0.00365,0.00228,0.00022,0.00103,6e-05,0.002,0.00639,0.00054,0.00012,0.00087,0.0014399999999999999,1e-05,0.00015,0.00108,0.00405,0.004200000000000001,0.00033,0.00039000000000000005,0.0001,0.0015600000000000002,0.00038,0.002,0.00039000000000000005,0.00013000000000000002,5e-05,0.00061,8e-05, ,4e-05,0.0001,0.00032,5e-05,0.00055,8e-05,0.00016,0.0002,0.00012,0.00047,0.0001,0.00043,7.000000000000001e-05,1e-05,1e-05,4e-05,2e-05,1e-05,1e-05,0.00034,5e-05,8.999999999999999e-05,5e-05,0.00014000000000000001,0.00015,0.00017,4e-05,7.000000000000001e-05,0.00022,0.00017,7.000000000000001e-05,0.00013000000000000002,0.00015,6e-05,8.999999999999999e-05,5e-05,5e-05,7.000000000000001e-05,0.00017999999999999998,6e-05,0.0005600000000000001,6e-05,5e-05,3e-05
https://doi.org/10.1016/j.apgeochem.2015.03.001,Gd,0.00198,0.000503,0.00122,0.000594,0.019,0.00405,0.000145,1.5e-05,0.00539,0.006900000000000001,3.5000000000000004e-05,0.00136,0.0436,0.013000000000000001,0.016, ,0.0524,3.2e-05,2.3e-05,0.0261,0.0285,0.00028100000000000005,0.0906,0.0943,6.500000000000001e-05,0.00525,2.2e-05,0.09290000000000001,0.0998,0.000381,2e-06,0.0006680000000000001,0.0395,5e-06,0.00012,0.040799999999999996, ,0.112,0.005240000000000001,0.00032500000000000004,4.1e-05,0.0419,0.0059900000000000005,0.0347,0.00365,0.00314,2.5e-05,0.0154,0.00145,5.3e-05,0.00032,0.000163,0.000102,0.00091,0.000465,3.7e-05,0.00040300000000000004,9.5e-05,5.9e-05,0.000244,2.2e-05,0.00223,6e-06,2e-06,2e-06,6e-05,3e-06,3e-06,4e-06,0.0008110000000000001, ,0.000124,1e-05,0.00022,0.00035099999999999997,3.5000000000000004e-05,6e-06,1e-05,0.000384,0.000106,5.1e-05,4.8e-05,2.2e-05,5.3e-05,2.1000000000000002e-05,1.4e-05,2e-06,0.0039700000000000004,1.8e-05,7.099999999999999e-05,0.0015,2e-06,2e-05,0.000121
https://doi.org/10.1016/j.apgeochem.2015.03.001,Ge,4e-05,3e-05,3e-05,3e-05,0.0002,0.00012,5e-05,0.00019,8.999999999999999e-05,0.0001,5e-05,6e-05,0.00022,0.00023,8e-05,0.0001,0.00061,0.00025,0.00014000000000000001,0.00014000000000000001,0.00025,7.000000000000001e-05,0.0018000000000000002,0.00167,5e-05,0.0001,8e-05,0.00032,0.00128,4e-05,1e-05,5e-05,0.00027,7.000000000000001e-05,5e-05,0.00031,0.00098,0.0009000000000000001,0.00049,5e-05,2e-05,0.00021,4e-05,0.00024,6e-05,0.00046,0.00045000000000000004,8.999999999999999e-05,4e-05,1e-05,2e-05,3e-05,4e-05,5e-05,0.0001,0.00017,8.999999999999999e-05,0.0001,4e-05,5e-05,2e-05,4e-05,6e-05,8e-05,5e-05,2e-05,2e-05,5e-05,4e-05,0.00028000000000000003, ,6e-05,4e-05,5e-05,0.00016,1e-05,2e-05,2e-05,1e-05,0.00019,4e-05,3e-05,4e-05,5e-05,0.00011,2e-05,2e-05,4e-05,1e-05,4e-05,5e-05,0.00015,0.00015,
https://doi.org/10.1016/j.apgeochem.2015.03.001,Hf,1.8e-05,6e-06,7e-06,4e-06,0.000151,3.5000000000000004e-05, , ,4.1e-05,5.5e-05, ,9e-06,0.000352,0.000125,0.00011600000000000001, ,0.000545, , ,0.00027,0.000235,2e-06,0.000975,0.000834, ,4.4e-05,1e-06,0.000637,0.000846,2e-06,2e-06,6e-06,0.000259, , ,0.000328,0.0015300000000000001,0.000665,5.4e-05,3e-06,2e-06,0.00034,4.9000000000000005e-05,0.000289,3.4000000000000007e-05,4.4e-05,5e-06,0.000122,1.5e-05, ,2e-06,3e-06,2e-06,1e-05,5e-06, ,6e-06, , ,3e-06, ,1.5e-05, , , ,1e-06,3e-06, ,1e-06,4e-06, ,3e-06,1e-06, ,2e-06, , , ,3e-06,5e-06,2e-06, , ,2e-06, , , ,2.2e-05, , ,1.4e-05, ,1e-05,
https://doi.org/10.1016/j.apgeochem.2015.03.001,Hg, , , , , , , , , , , , , , , , , , , , , , , , , , , , , , , , , , , , , , , , , , , , , , , , , , , , , , , , , , , , , , , , , , , , , , , , , , , , , , , , , , , , , , , , , , , , , ,
https://doi.org/10.1016/j.apgeochem.2015.03.001,Ho,0.000366,9.3e-05,0.000174,7.6e-05,0.0029500000000000004,0.0006760000000000001,2e-05,3e-06,0.000825,0.0010600000000000002, ,0.000187,0.00786,0.00228,0.00256, ,0.00763,8e-06,4e-06,0.00587,0.0061200000000000004,6e-05,0.0171,0.0197,1.3e-05,0.0008060000000000001,3e-06,0.021,0.0227,5.1e-05, ,9.7e-05,0.00542, ,1.4e-05,0.0056500000000000005,0.0259,0.0159,0.000894,6.3e-05,6e-06,0.005730000000000001,0.000883,0.00552,0.0005600000000000001,0.000718,1e-05,0.00233,0.00026500000000000004,1e-05,4.7000000000000004e-05,2.2e-05,1.6e-05,0.000135,5.5e-05,4e-06,7.099999999999999e-05,1.5e-05,7e-06,3.3e-05,4e-06,0.000337,2e-06, , ,1.4e-05, ,1e-06, ,7.5e-05, ,1.8e-05,2e-06,3.8e-05,5.7e-05,4e-06, ,3e-06,4e-05,1.4e-05,6e-06,8e-06,2e-06,9e-06,4e-06,2e-06, ,0.0005480000000000001,3e-06,1.1e-05,0.00023,3e-06,5e-06,1.6e-05
https://doi.org/10.1016/j.apgeochem.2015.03.001,I, ,0.001, ,0.001, , , ,0.006,0.002, , ,0.005,0.001,0.013,0.003, ,0.006,0.008,0.006,0.004, ,0.009, ,0.003, ,0.005,0.005,0.01, ,0.006,0.028,0.021,0.017,0.003,0.005,0.005,0.051,0.045,0.162,0.018,0.014,0.005,0.002,0.031,0.004,0.101,0.216,0.002,0.002,0.001, ,0.001, , , ,0.005,0.006,0.013,0.002, ,0.008,0.004,0.005,0.005,0.004,0.002,0.012,0.009,0.003,0.004, ,0.004,0.006,0.009, ,0.006,0.008,0.005,0.009,0.008,0.005,0.004,0.03,0.031,0.193,0.006,0.017,0.003,0.011,0.049,0.008,0.177,0.117,0.008
https://doi.org/10.1016/j.apgeochem.2015.03.001,In,9e-06,1e-06, , ,1.7000000000000003e-05, , , ,2.1000000000000002e-05,1e-05, , ,3e-06,4.6e-05, , ,6.2e-05, , ,1.4e-05,1e-05,1e-06,9.5e-05,6e-05, ,2e-06, ,8e-05,0.002,5e-06, , ,2.5e-05, ,1e-06,4.2000000000000004e-05,2.1000000000000002e-05,1e-05, , , ,1.1e-05,2e-06, , ,3e-06,5e-06,5e-06,2e-06, , , , , ,5e-06, , , , , , , , , , , , , , ,5e-06, , , , ,0.009000000000000001, , , , ,1e-06, , , , , , , , , , , ,2e-06, ,
https://doi.org/10.1016/j.apgeochem.2015.03.001,K,7.31,1.6,1.3,2.91,2.26,6.8,3.16,1.45,4.16,4.81,4.14,4.86,4.7,3.18,5.44,7.62,6.82,4.1,2.18,2.74,3.1,2.74,19.4,22.4,3.14,5.76,3.14,2.16,2.79,1.84,1.41,8.86,3.83,5.59,4.4,4.44,4.44,4.71,54.6,4.8,5.56,4.42,1.71,7.8,2.8,11.8,11.2,2.32,7.56,1.52,1.36,3.06,2.78,7.7,3.11,1.42,8.84,9.26,4.74,4.86,3.01,5.59,4.66,3.85,2.24,2.94,3.88,3.3,31.4,23.1,3.34,5.56,3.51,3.46,5.34,1.82,2.42,7.42,4.3,15.6,4.65,5.02,4.28,4.76,52.7,3.3,4.29,4.12,1.34,7.72,3.44,13.1,8.96,2.74
https://doi.org/10.1016/j.apgeochem.2015.03.001,La,0.007370000000000001,0.00173,0.00551,0.00414,0.0256,0.0152,0.00019500000000000002,1.1e-05,0.0030499999999999998,0.00327,8.5e-05,0.00219,0.031,0.0193,0.0237,4e-05,0.01,4.9000000000000005e-05,3.9e-05,0.0445,0.047299999999999995,0.00020899999999999998,0.0292,0.0238,0.000127,0.00566,4.7000000000000004e-05,0.195,0.2,0.000855,1e-05,0.000962,0.0825,0.000261,0.0003,0.0293,0.146,0.0973,0.0035299999999999997,0.00029099999999999997,0.00013700000000000002,0.0691,0.00552,0.07,0.00572,0.00063,0.00022500000000000002,0.015300000000000001,0.0061200000000000004,0.000184,0.00195,0.00127,0.00017,0.00452,0.0007650000000000001,8e-05,0.000375,0.00014199999999999998,0.000122,0.0006979999999999999,5.6e-05,0.00642,1.1e-05,6e-06,7e-06,0.000115, ,5e-06,3e-06,0.00133,2e-05,0.00014099999999999998,1.4e-05,0.00182,0.00252,9.6e-05,1.2e-05,9.6e-05,0.0015,0.00027800000000000004,0.00014000000000000001,5.5e-05,2.2e-05,2.7e-05,2.1000000000000002e-05,1.9e-05,1e-05,0.00536,7.8e-05,0.00017199999999999998,0.0025800000000000003,4e-06,5.5e-05,0.000153
https://doi.org/10.1016/j.apgeochem.2015.03.001,Li,0.0985,0.023,0.045,0.0585,0.0795,0.04,0.014,0.008,0.07100000000000001,0.08750000000000001, ,0.057,0.3,0.14200000000000002,0.10400000000000001,0.014,0.14,0.028,0.014,0.278,0.276,0.0575,0.21,0.41000000000000003,0.024,0.031,0.009000000000000001,0.296,0.342,0.009000000000000001,0.005,0.03,0.116,0.03,0.012,0.6,0.249,0.242,0.14100000000000001,0.018000000000000002,0.016,0.039,0.059000000000000004,0.112,0.026000000000000002,0.068,0.11800000000000001,0.069,0.1,0.022,0.042,0.0585,0.07,0.053,0.017,0.009000000000000001,0.08650000000000001,0.0925,0.0565,0.278,0.0775,0.098,0.08750000000000001,0.025,0.016,0.252,0.23500000000000001,0.067,0.364,0.35000000000000003,0.026000000000000002,0.026000000000000002,0.017,0.246,0.362,0.006,0.01,0.031,0.088,0.036000000000000004,0.012,0.318,0.54,0.5,0.131,0.018000000000000002,0.006,0.008,0.029,0.099,0.025,0.069,0.07100000000000001,0.0655
https://doi.org/10.1016/j.apgeochem.2015.03.001,Lu,0.00014199999999999998,3.5000000000000004e-05,6.500000000000001e-05,2.4e-05,0.000951,0.000194,5e-06, ,0.000207,0.00026500000000000004, ,3.8e-05,0.0023,0.000691,0.00068, ,0.0020099999999999996,3e-06,1e-06,0.0022,0.0023,2e-05,0.00484,0.0058, ,0.000212,1e-06,0.00658,0.00756,1.4e-05, ,1.8e-05,0.00166, ,4e-06,0.00161,0.007110000000000001,0.00461,0.000237,1.7000000000000003e-05,1e-06,0.00134,0.00025,0.00135,0.000154,0.000214,2e-05,0.000652,9.900000000000001e-05,4e-06,1.6e-05,7e-06,5e-06,3.5000000000000004e-05,1.5e-05,1e-06,1.6e-05, ,2e-06,9e-06, ,8e-05, , , ,4e-06, , , ,1.3e-05, ,6e-06, ,8e-06,1.1e-05,1e-06, , ,8e-06,3e-06,2e-06,2e-06, ,2e-06,1e-06,1e-06, ,0.000126,1e-06,3e-06,6.3e-05,2e-06,1e-05,6e-06
https://doi.org/10.1016/j.apgeochem.2015.03.001,Mg,32.8,20.3,29.2,71.3,72.9,200,58.8,6.1,68.4,69.2,23.2,245,414,44.4,158,36.2,254,47.5,24,104,121,45.2,314,308,165,101,29.6,613,672,7.55,22.6,188,75,7.95,16.8,104,166,142,227,102,142,107,41.2,281,42.4,242,35,56.4,33.1,19,27.7,68.4,66.8,200,52.4,6.05,85.4,77.5,254,325,32.6,156,4.1,46.6,23.9,0.734,0.08,39,0.967,300,156,61.8,49.2,148,254,6.85,30.8,186,26.3,70.7,18.2,84.6,36.8,89.8,216,99.4,136,106,39.9,244,44.8,202,37.1,19.4
https://doi.org/10.1016/j.apgeochem.2015.03.001,Mn,2.44,1.98,2.66,5.47,22.2,6.48,0.848,0.187,9.48,9.3,0.0373,7.84,41.6,3.49,20.6,0.213,18.400000000000002,1.48,0.41200000000000003,32.6,37.6,1.22,36,24,11.8,20.400000000000002,2.24,136,130,1.52,4.89,12.8,14.8,0.0273,0.381,9.94,81.3,72.8,9.67,9.27,2.5300000000000002,29.3,4.03,62,5.2700000000000005,5.13,0.59,13.6,2.62,0.252,2.65,3.0300000000000002,8.38,0.5640000000000001,0.988,0.152,4.74,7.25,5.51,19,1.82,19,0.0036000000000000003,0.47000000000000003,0.0707,0.0855,0.0054,0.0436,0.0045000000000000005,34.800000000000004,2.04,2.0100000000000002,1.96,9.68,5.92,1.45,1.12,0.732,2.09,1.09,0.382,2.09,2.45,0.672,0.838,0.36,0.138,0.621,0.592,4,4.99,0.168,1.06,0.71
https://doi.org/10.1016/j.apgeochem.2015.03.001,Mo, , ,0.0002, , ,0.0001, ,0.0003, , ,0.0009000000000000001, , ,0.0007, ,0.004200000000000001,0.0008,0.0009000000000000001,0.0008, , ,0.0002,0.0008,0.0006, , ,0.0002,0.0003,0.0011, , ,0.0002, ,0.0066,0.0002,0.0005, , ,0.0007,0.0002, , , , , ,0.0006,0.0073, , , , ,0.0002, , , ,0.0006,0.0005,0.0043, , , , ,0.0015,0.0006,0.0008,0.0002,0.0003,0.0003,0.0002,0.0001, ,0.0002,0.0002,0.0001,0.0002,0.0001, , , ,0.0037,0.0004,0.0004,0.0039,0.0018000000000000002,0.0006, ,0.0001, , ,0.0001, ,0.001,0.0092,
https://doi.org/10.1016/j.apgeochem.2015.03.001,Na,27.1,2.2,2.4,6.6,3.9,5.8,17.2,56.6,7.8,8.25,1.9,22.8,6.15,6.35,7.75,6.4,348,34.4,47,3.85,10.1,112,78.7,99.4,3.95,9.85,5.55,24.3,17.6,1.9,2.7,15.1,122,1.9,5.85,69,284,298,2030,23.6,4.2,1.65,7.05,11,50,2660,2130,1.45,27.5,2.35,2.5,6.95,4.3,6.05,21.2,49.2,5.7,6.85,39.1,248,5.3,69.6,1480,32.4,46.4,6.5,28.7,114,95.4,98.9,194,169,126,34.7,16.9,4.45,3.05,15,326,8.25,5.95,53.6,454,537,2080,43.8,3.95,1.75,7.7,389,46.7,2660,1500,140
https://doi.org/10.1016/j.apgeochem.2015.03.001,Nb, , , , , , , , , , , , , ,6e-06, , ,2e-05, , , , , ,2.5e-05,0.00013900000000000002, , , ,7e-06, , , , , , , ,2.2e-05,6e-06, ,3.8e-05, , , , , , ,2.6e-05, , , , , , , , , , , , , , , , , , , , , , , ,1e-05, , , , , , , , , , , , , , ,8e-06, , , , , ,1.2e-05, , ,
https://doi.org/10.1016/j.apgeochem.2015.03.001,Nd,0.00851,0.00192,0.00553,0.00272,0.0466,0.0128,0.00028000000000000003,2.3e-05,0.00797,0.00859,0.0001,0.00314,0.08009999999999999,0.038,0.037899999999999996,1.5e-05,0.0717,8.400000000000001e-05,5.7e-05,0.0742,0.0757,0.000507,0.14100000000000001,0.139,9.7e-05,0.0105,5.4e-05,0.24,0.245,0.00134,6e-06,0.0015300000000000001,0.131,1.7000000000000003e-05,0.000504,0.101, ,0.264,0.0112,0.000526,0.00011700000000000001,0.107,0.0114,0.09,0.0094,0.00461,4.4999999999999996e-05,0.034100000000000005,0.00654,0.000208,0.00141,0.000728,0.00025800000000000004,0.0029500000000000004,0.00134,0.00011300000000000001,0.000486,0.000105,0.000144,0.000629,6e-05,0.005980000000000001,1.5e-05,4e-06,7e-06,0.00020300000000000003,3e-06,6e-06,5e-06,0.0024100000000000002,5e-06,0.00026500000000000004,1e-05,0.0006780000000000001,0.00124,0.00013900000000000002,1.9e-05,3.7e-05,0.0013700000000000001,0.000451,0.000171,0.00014299999999999998,4.7000000000000004e-05,9.6e-05,5e-05,4.6e-05,1.1e-05,0.009460000000000001,5.9e-05,0.000244,0.004240000000000001,4e-06,0.0001,0.000262
https://doi.org/10.1016/j.apgeochem.2015.03.001,NH3,0.12,0.1,0.22,0.26,0.15,0.05,0.19,0.38,0.41,0.32,0.04,0.08,0.17,0.83,0.07,0.32,4.46,0.82,0.46,1.17,0.23,0.75,6.84,11.2,0.18,0.91,0.32,1.48,1.53,0.07,0.18,0.51,0.06,0.05,0.04,1.44,0.9,1.01,3.98,0.34,0.09,0.06,0.05,0.77,0.04,5.86,1.01,0.04,0.12,0.09,0.19,0.24,0.13,0.03,0.24,0.21,0.23,0.19,0.04,0.1,0.49,0.06,0.04,0.23,0.35,0.08,0.04,0.74,5.2,6.56,0.1,0.74,0.16,0.62,0.64,0.08, ,0.03,0.03,0.34,0.05,0.88,0.49,0.59,3.58,0.04,0.03, ,0.04,0.16,0.07,4.1, ,0.04
https://doi.org/10.1016/j.apgeochem.2015.03.001,Ni,0.226,0.0882,0.09759999999999999,0.10200000000000001,0.398,0.546,0.014, ,0.292,0.342,0.0033,0.10400000000000001,1.36,0.186,0.51,0.0106,1.53,0.005900000000000001,0.0069500000000000004,1.68,1.92,0.033600000000000005,1.43,0.684,0.165,0.523,0.0513,5.42,4.7,0.0177,0.0031000000000000003,0.147,0.397,0.033,0.0151,0.507,1.19,0.982,0.14300000000000002,0.133,0.0249,0.716,0.23700000000000002,0.9440000000000001,0.08700000000000001,0.168,0.0324,0.337,0.223,0.0202,0.0947,0.048,0.035500000000000004,0.136,0.0179,0.0013000000000000002,0.195,0.188,0.067,0.326,0.0316,0.4,0.10400000000000001,0.00595,0.002,0.0319,0.0069500000000000004,0.007,0.0032,0.231,0.055200000000000006,0.0193,0.0272,0.20400000000000001,0.045899999999999996,0.016,0.00715,0.023,0.0381,0.0933,0.0183,0.0174,0.034,0.00845,0.164,0.0054,0.0037,0.0263,0.023899999999999998,0.0141,0.0708,0.233,0.0292,0.012
https://doi.org/10.1016/j.apgeochem.2015.03.001,NO2, , , , , , , , , , , , , , , ,0.38, , , , , , , , , , ,0.05, , , , , , ,0.08, , , , , , , , , , , , , , , , , , , , , , , , , , , , , , , , , , , , , , ,0.07, , , , , , , ,0.03, , , , , , , , , , , , ,
https://doi.org/10.1016/j.apgeochem.2015.03.001,NO3,0.07,0.02, , , ,0.42,0.18,0.39,0.72,0.21,2.3, , , , ,6.42, , ,0.03,0.18, , , , , ,1.59,1.34, , ,0.08, , , ,6,0.67, ,0.5, , , , ,1.09,0.07, ,0.15, , ,0.16,0.08,0.03,0.03, , ,0.26,0.22,0.09,1.01,0.22, , , , , ,0.38,0.05,0.13, ,0.09, , , ,1.84,0.86, , ,0.11, , , ,9.17,0.94,0.4, , , , , ,0.93, , ,0.08,5.76, ,0.09
https://doi.org/10.1016/j.apgeochem.2015.03.001,TIN,0.19,0.12000000000000001,0.22,0.26,0.15,0.47,0.37,0.77,1.13,0.53,2.34,0.08,0.17,0.83,0.07,7.12,4.46,0.82,0.49,1.3499999999999999,0.23,0.75,6.84,11.2,0.18,2.5,1.7100000000000002,1.48,1.53,0.15000000000000002,0.18,0.51,0.06,6.13,0.7100000000000001,1.44,1.4,1.01,3.98,0.34,0.09,1.1500000000000001,0.12000000000000001,0.77,0.19,5.86,1.01,0.2,0.2,0.12,0.22,0.24,0.13,0.29000000000000004,0.45999999999999996,0.3,1.24,0.41000000000000003,0.04,0.1,0.49,0.06,0.04,0.61,0.39999999999999997,0.21000000000000002,0.04,0.83,5.2,6.56,0.1,2.58,1.0899999999999999,0.62,0.64,0.19,0,0.03,0.03,9.51,1.02,1.28,0.49,0.59,3.58,0.04,0.03,0.93,0.04,0.16,0.15000000000000002,9.86,0,0.13
https://doi.org/10.1016/j.apgeochem.2015.03.001,Os, , , , , , , , , , , , , , , , , , , , , , , ,2e-06, , , , , , , , , , , , ,3e-06, , , , , , , , , , , , , , , , , , , , , , , , , , , , , , , , , , , , , , , , , , , , , , , , , , , , , , , , ,
https://doi.org/10.1016/j.apgeochem.2015.03.001,Pb,0.00172,0.0015400000000000001,0.0005200000000000001,0.00017,0.00176,0.0002,0.0011,8.999999999999999e-05,0.011,0.0083,0.00021,6e-05,0.00216,0.0019,0.00316,0.00017,0.00196,2e-05,0.00014000000000000001,0.0010600000000000002,0.0015400000000000001,8.999999999999999e-05,0.00126,0.0007, ,0.00211,5e-05,0.005200000000000001,0.010199999999999999,0.0024,3e-05,3e-05,0.0167,0.00019,0.00057,0.00426,0.0028799999999999997,0.0017800000000000001,0.00012,7.000000000000001e-05,5e-05,0.00191,0.0015400000000000001,0.00269,0.00017,4e-05,8.999999999999999e-05,0.00138,0.00054,0.00017999999999999998,0.00012,4e-05,7.000000000000001e-05,0.00012,0.005730000000000001,0.0008950000000000001,0.00023,0.0001,3e-05,2e-05,1e-05,0.00029,5e-05,2e-05, ,1e-05,0.00118, ,1e-05,1e-05, ,7.000000000000001e-05, ,3e-05,8.999999999999999e-05,0.00048,2e-05,4e-05,3e-05,0.00252,0.00023,3e-05,0.00012,1e-05,4e-05,0.00012, ,0.00015,2e-05,7.000000000000001e-05,0.00079,2e-05,0.0002,5e-05
https://doi.org/10.1016/j.apgeochem.2015.03.001,Pd, , , , , , , , , , , , , , , , ,1e-05, , , ,0.0001, , ,2e-05, , , , , , , , ,1e-05, , ,1e-05, , , , , , , , , , ,0.0001, , , , , , , ,5e-05, , , , , , , , , , , ,1e-05, , ,2e-05, , , , , , , , , , , , , ,1e-05,2e-05, , , , , , , ,0.0001,
https://doi.org/10.1016/j.apgeochem.2015.03.001,P, , , , , , , , , , , , , ,0.25, , ,0.12,0.03, , , , ,2.79,2.62,0.03, , , , ,0.02, , , , , , , , , , , ,0.07, , , ,0.02,0.03, , , , , , , ,0.05, , , , , , , , , , , , , , ,0.03, , , , , , , , , ,0.02, , , , , , , , , , , ,0.8,0.05,
https://doi.org/10.1016/j.apgeochem.2015.03.001,Pr,0.00213,0.000475,0.00142,0.000729,0.0103,0.0034100000000000003,6.500000000000001e-05,4e-06,0.00147,0.0016,2e-05,0.000624,0.0152,0.0081,0.008060000000000001, ,0.0112,1.7000000000000003e-05,1.2e-05,0.0166,0.0173,0.000108,0.023600000000000003,0.0214,1.8e-05,0.00214,1.3e-05,0.0572,0.0653,0.000313,1e-06,0.000306,0.0296,4e-06,0.00011,0.0183,0.07640000000000001,0.0513,0.0020299999999999997,0.000101,2.2e-05,0.0228,0.00229,0.0205,0.0020299999999999997,0.00064,1e-05,0.00683,0.0016200000000000001,5.1e-05,0.000355,0.000206,6.1e-05,0.000715,0.0003,2.5e-05,9.7e-05,2.3e-05,2.6e-05,0.000131,1.4e-05,0.00135,3e-06,1e-06,1e-06,4.2999999999999995e-05,2e-06,2e-06,1e-06,0.000424, ,5.2e-05,4e-06,0.000176,0.000342,2.9000000000000004e-05,4e-06,1.1e-05,0.00035299999999999996,0.000101,4.4e-05,2.5e-05,9e-06,1.6e-05,1e-05,1.1e-05,2e-06,0.002,1.2e-05,5.3e-05,0.000915,2e-06,1.5e-05,5.4e-05
https://doi.org/10.1016/j.apgeochem.2015.03.001,Rb,0.00811,0.00304,0.0025099999999999996,0.00447,0.0091,0.011300000000000001,0.0029300000000000003,0.00239,0.0119,0.009980000000000001,0.00311,0.00337,0.0101,0.009380000000000001,0.00973,0.00868,0.0205,0.00554,0.0037300000000000002,0.0111,0.013000000000000001,0.004730000000000001,0.0524,0.0681,0.0029900000000000005,0.013900000000000001,0.00522,0.028399999999999998,0.0344,0.00372,0.0015400000000000001,0.0091,0.006860000000000001,0.0112,0.006,0.0141,0.0095,0.00853,0.0548,0.00523,0.0049299999999999995,0.00521,0.00294,0.00923,0.0027,0.023100000000000002,0.00725,0.00444,0.008480000000000001,0.00289,0.0024700000000000004,0.005030000000000001,0.009779999999999999,0.0101,0.00488,0.00223,0.0131,0.014,0.00369,0.00994,0.00742,0.00966,0.00984,0.00505,0.00387,0.012199999999999999,0.0169,0.00523,0.058,0.0633,0.00309,0.0119,0.0070999999999999995,0.027800000000000002,0.028100000000000003,0.0024100000000000002,0.00191,0.00784,0.00613,0.022,0.00651,0.0116,0.016,0.016399999999999998,0.0524,0.00426,0.00431,0.00545,0.0025099999999999996,0.00856,0.00354,0.0265,0.00515,0.0046
https://doi.org/10.1016/j.apgeochem.2015.03.001,Re,1e-06, ,1e-06,3e-06, , , , , , , , ,1e-06,1e-06, ,2e-05,3e-06,3e-06,4e-06, , ,1e-06, ,3e-06, ,1e-06,1e-06,2e-06,2e-06,1e-06, ,3e-06,7e-06,5.7e-05,4e-06,2e-06,1e-05, ,2.7e-05,2e-06, ,2e-06, ,9e-06,6e-06,2.8e-05,1.5e-05, , , , ,3e-06, , , , ,3e-06,1e-05, , ,1e-06, , ,3e-06,3e-06, , ,2e-06, , , ,1e-06,1e-06, , ,1e-06, ,2e-06,6e-06,5.9e-05,7e-06,3e-06,1.8e-05,1.4e-05,2.4e-05,1e-06, ,1e-06,1e-06,1.1e-05,6e-06,3e-05,1.5e-05,
https://doi.org/10.1016/j.apgeochem.2015.03.001,Ru, , ,1e-05,1e-05, ,1e-05, , ,1e-05, , , ,1e-05,1e-05,1e-05, ,2e-05, ,1e-05, , , ,5e-05,2e-05, , , , ,2e-05, , ,1e-05, , , ,1e-05,1e-05, ,8.999999999999999e-05, , , , ,1e-05,1e-05,5e-05,5e-05, ,1e-05,1e-05,1e-05,1e-05, , , ,1e-05,1e-05, , , ,1e-05,1e-05,1e-05,1e-05, ,1e-05, ,1e-05,1e-05, , , , , ,1e-05, , ,1e-05, , , , , , ,8e-05, ,1e-05, , ,2e-05,1e-05,7.000000000000001e-05,5e-05,
https://doi.org/10.1016/j.apgeochem.2015.03.001,Sb,1e-05,1e-05,2e-05,1e-05, ,0.0025,0.00025,3e-05,1e-05,0.0001,0.0005, , ,2e-05, ,0.0017,0.00011,1e-05,1e-05,1e-05, ,1e-05,0.0001,8e-05, ,5e-05,8.999999999999999e-05,1e-05, ,8.999999999999999e-05,1e-05, ,1e-05,0.0030800000000000003,0.00017999999999999998,1e-05,1e-05, ,2e-05,1e-05,2e-05,2e-05,1e-05, ,1e-05,1e-05,5e-05,1e-05,1e-05,1e-05,1e-05,1e-05,1e-05, ,0.00045000000000000004,0.00042,0.0001,0.00015,1e-05,1e-05, ,1e-05,6e-05,1e-05,2e-05,1e-05, ,2e-05, ,2e-05, ,0.00011,5e-05, , ,0.00011,1e-05, ,2e-05,0.00121,0.00025,7.000000000000001e-05,3e-05,3e-05,3e-05,2e-05,5e-05,1e-05,2e-05, ,2e-05,1e-05,0.0006500000000000001,2e-05
https://doi.org/10.1016/j.apgeochem.2015.03.001,Sc,0.004,0.002,0.003,0.002,0.008, , ,0.002,0.005, , ,0.002,0.016,0.009000000000000001,0.003, ,0.008,0.001,0.001,0.014,0.009000000000000001,0.002,0.011,0.019, ,0.004, ,0.07200000000000001,0.115,0.002, ,0.002,0.015,0.002,0.002,0.021,0.024,0.01,0.003,0.002, ,0.009000000000000001,0.005,0.006,0.002,0.002, ,0.008,0.003, ,0.002,0.002, , , ,0.001,0.002, ,0.001,0.002, ,0.002, , ,0.001, , ,0.001, , , ,0.001, , , ,0.001,0.001,0.001,0.001,0.001,0.001, , , , ,0.001, ,0.002,0.002, ,0.002, , ,0.001
https://doi.org/10.1016/j.apgeochem.2015.03.001,Se,0.0027, ,0.0002,0.0009000000000000001,0.0039,0.006200000000000001, , ,0.006,0.0028,0.0040999999999999995,0.0004,0.005900000000000001,0.0024,0.0029,0.0221,0.0040999999999999995, , ,0.0034,0.004900000000000001,0.0006,0.0081,0.0109, ,0.014199999999999999,0.006900000000000001,0.0076,0.03,0.0002, ,0.0003,0.0038,0.00975,0.0009000000000000001,0.006,0.0159,0.0166,0.0143,0.0007,0.0003,0.0045000000000000005,0.0009000000000000001,0.0024,0.0004,0.013900000000000001, ,0.0023,0.0028,0.0002, ,0.0008,0.0013000000000000002,0.0035, ,0.0002,0.00755,0.0038,0.0004,0.0028,0.0007,0.0019,0.0068, , ,0.0016,0.0014,0.0008,0.0008,0.0013000000000000002, ,0.0152,0.0056,0.0055,0.006500000000000001,0.0004,0.0003,0.0004, ,0.0385,0.0017,0.0015,0.0021000000000000003,0.0019,0.0087,0.0002,0.0004,0.0019, ,0.0002,0.0004,0.0019,0.0176,0.0008
https://doi.org/10.1016/j.apgeochem.2015.03.001,Si,24.6,18.1,28.1,26.4,37.2,13.4,14,17.5,33.7,39.5,9.5,24.6,76.7,33.9,35,14.3,28.3,18.8,15.5,63.3,60.3,18.8,46.9,78.2,16,26.1,13.8,60.3,79.7,19,9.3,20.1,78.2,21,19,79.7,62.6,57,27.7,15.6,9.1,32.8,49.2,36.3,21,19,14,48.8,23.8,11.7,24.8,23.5,4.3,15.8,19.7,15.5,19.4,18.6,16.8,18.6,7.1,27.9,1.1,11.2,11.5,10.4,1.5,14,1.1,11,7.3,13.4,13.2,5,2.6,13,12.3,17.3,12.3,13.8,16.4,4.7,0.7,1.1,1.9,15.6,8,20.9,22.7,5.2,24.2,1.9,6.3,11.2
https://doi.org/10.1016/j.apgeochem.2015.03.001,Sm,0.0020499999999999997,0.00046100000000000004,0.00126,0.000504,0.016,0.003,0.00011,1e-05,0.00361,0.00395,2.5e-05,0.000916,0.0272,0.01,0.010400000000000001, ,0.0286,2.2e-05,1.3e-05,0.0185,0.021500000000000002,0.000185,0.05620000000000001,0.056100000000000004,3e-05,0.00372,1.2e-05,0.0741,0.08270000000000001,0.00040600000000000006,1e-06,0.00039400000000000004,0.03270000000000001,7e-06,0.000135,0.0335,0.126,0.0838,0.00365,0.00016,2.9000000000000004e-05,0.028100000000000003,0.00432,0.0213,0.00286,0.00164,1e-05,0.0103,0.00149,4.9000000000000005e-05,0.00029,0.00014299999999999998,8.5e-05,0.0005600000000000001,0.00040500000000000003,3.3e-05,0.00019500000000000002,3.5000000000000004e-05,4.4e-05,0.000162,1.4e-05,0.00158,4e-06, ,2e-06,5.5e-05,2e-06,2e-06,3e-06,0.000576,1e-05,0.000102,1.1e-05,0.000135,0.00025100000000000003,3.5000000000000004e-05,6e-06,7e-06,0.000326,0.000111,5.5e-05,5.2e-05,1.6e-05,3.2e-05,1.5e-05,1.3e-05,3e-06,0.00311,1.6e-05,6.500000000000001e-05,0.00127,1e-06,2.5e-05,8.9e-05
https://doi.org/10.1016/j.apgeochem.2015.03.001,TIN, , , , , , , , , , , , , , , , , , ,0.0008, , , , , , , , , , , , , , , , , ,0.0001, , , , , , , , , ,0.0005, , , , , , , , , , , , , , , , , , , , , , , , , , , , , , , , , , , , , , , , , , , , , ,0.0005,
https://doi.org/10.1016/j.apgeochem.2015.03.001,SO4,321,156,255,606,732,1320,504,15,906,915,240,1700,2500,1250,1200,345,6120,726,321,942,1170,681,10600,10600,1310,906,309,4710,4920,51,180,1600,1340,81,174,1860,3450,2800,4770,879,1030,981,411,2380,345,8130,1860,501,318,150,252,600,720,1340,462,27,1030,1110,1730,2310,909,1170,3120,720,318,843,900,675,2260,5250,1290,780,561,3180,3930,51,237,1600,1080,726,195,1470,2700,3000,4620,858,1010,930,417,2200,402,7800,1550,441
https://doi.org/10.1016/j.apgeochem.2015.03.001,Sr,0.18,0.0854,0.47000000000000003,0.84,0.15,0.39,1.05,0.36,0.46,0.53,0.21,0.35000000000000003,0.28,1.3900000000000001,0.38,0.78,1.26,0.81,0.58,0.13,0.21,0.71,1.04,0.9500000000000001,0.26,0.46,0.5700000000000001,0.63,0.52,0.12,0.48,1.11,0.35000000000000003,0.27,0.37,0.97,0.73,0.86,5.24,0.25,0.42,0.29,0.17,1.24,0.8300000000000001,4.55,5.12,0.1,0.2,0.1,0.46,0.8300000000000001,0.28,0.5,1.1300000000000001,0.38,0.62,1,0.35000000000000003,0.26,1.17,0.36,0.18,0.76,0.55,0.56,1.32,0.59,1.82,1.68,0.19,0.32,0.22,0.89,0.97,0.12,0.27,1.07,0.29,1.09,0.39,0.96,0.92,0.84,4.08,0.25,0.41000000000000003,0.5,0.36,0.67,0.84,3.3200000000000003,3.8200000000000003,0.11
https://doi.org/10.1016/j.apgeochem.2015.03.001,Ta,5e-06,1e-06,3e-06,1e-06,4.6e-05,1.2e-05, , ,1.3e-05,1e-05, ,3e-06,0.000111,3.8e-05,3.7e-05, ,0.000155, , ,8.599999999999999e-05,7.000000000000001e-05, ,0.00032500000000000004,0.00026700000000000004, ,1.1e-05, ,0.000215,0.000107, , ,3e-06,7.8e-05, , ,9.2e-05,0.00044300000000000003,0.0002,1.7000000000000003e-05,2e-06, ,9.2e-05,1.4e-05,8.7e-05,7e-06,1.2e-05, ,3.6e-05,4e-06, , ,1e-06, , , , ,1e-06, , , , ,4e-06, , , , , , , ,1e-06, , , , ,2e-06, , , , ,1e-06, , , , , , , ,1e-05, , ,3e-06, , ,
https://doi.org/10.1016/j.apgeochem.2015.03.001,Tb,0.00034300000000000004,8.400000000000001e-05,0.000186,7.8e-05,0.0030299999999999997,0.000638,2e-05,2e-06,0.000921,0.00117, ,0.000206,0.00786,0.00223,0.00265, ,0.00871,7e-06,4e-06,0.00495,0.005200000000000001,5.1e-05,0.0165,0.0178,1.3e-05,0.000884,4e-06,0.018000000000000002,0.021,5.800000000000001e-05, ,9.400000000000001e-05,0.0061600000000000005,1e-06,1.9e-05,0.00643,0.027800000000000002,0.0178,0.000859,5.4e-05,6e-06,0.00685,0.00101,0.00575,0.000626,0.000541, ,0.0026200000000000004,0.000247,9e-06,4.7000000000000004e-05,2.1000000000000002e-05,1.8e-05,0.00013000000000000002,6.500000000000001e-05,6e-06,6.7e-05,1.5e-05,9e-06,3.7e-05,3e-06,0.00033900000000000005, , , ,1.3e-05, , , ,0.000104, ,2.2e-05,1e-06,3.2e-05,5.3e-05,4e-06, ,2e-06,4.9000000000000005e-05,1.8e-05,6e-06,9e-06,4e-06,8e-06,9e-06,2e-06, ,0.0006490000000000001,3e-06,1.3e-05,0.00025100000000000003,5e-06, ,1.9e-05
https://doi.org/10.1016/j.apgeochem.2015.03.001,Te, , , , , , , , , , , , , , , , , , , , , , , ,0.0001, , , , , , , , , , , , , , ,0.0003, , , , , , ,0.0001, , , , , , , , , , , , , , , , , , , , , , , , , , , , , , , , , , , , , , ,0.0002, , , , , , ,0.0001, ,
https://doi.org/10.1016/j.apgeochem.2015.03.001,Th,0.000359,4.2999999999999995e-05,7e-06,3e-06,0.00191, ,2e-05,2e-06,0.000365,6.500000000000001e-05, ,5e-06,7.7e-05,0.00396,1.1e-05, ,0.00158,4e-06,2e-06,0.000977,0.00054,1.4e-05,0.00101,0.000848, ,9.800000000000001e-05,3e-06,0.00701,0.0136,0.000345,3e-06,1.6e-05,0.000567, ,0.00016,0.005019999999999999,0.00163,0.000675,8e-06,2e-06,2e-06,0.00188,5.2e-05,2.7e-05,5.3e-05,1.1e-05,1e-05,0.000149,0.0001,5e-06,2e-06,7e-06,5e-06, ,0.00039000000000000005,1.3e-05,3.2e-05, ,3e-06,1e-05,2e-06,1e-06,1e-05,2e-06,2e-06,5e-06,2e-06,3e-06,5e-06,1e-05, ,3e-05, ,3e-06,1.3e-05,2.5e-05,3e-06,1.8e-05,5e-06,0.000106,2.5e-05,1.1e-05,5e-06,1e-05,3e-06,8e-06,1e-06,4.4999999999999996e-05, ,4.7000000000000004e-05,0.00011,1.1e-05,2e-05,2e-06
https://doi.org/10.1016/j.apgeochem.2015.03.001,Ti,0.0021000000000000003,0.0012,0.0015,0.0015,0.0012,0.0008,0.0014,0.0004,0.0012,0.0017,0.0011,0.0009000000000000001,0.0027,0.0028,0.001,0.0009000000000000001,0.0024,0.0012,0.0008,0.0025,0.002,0.001,0.0107,0.0127,0.0015,0.0034,0.0006,0.0027,0.0021000000000000003,0.0017,0.0008,0.0019,0.0045000000000000005,0.0012,0.0044,0.005200000000000001,0.0050999999999999995,0.002,0.010199999999999999,0.0013000000000000002,0.0009000000000000001,0.002,0.0024,0.0024,0.0012,0.0111,0.0014,0.0024,0.0022,0.001,0.0012,0.0023,0.0004,0.0011,0.005,0.0005,0.0009000000000000001,0.0015,0.0004,0.0021000000000000003,0.0002,0.0011,0.0014,0.0009000000000000001,0.0009000000000000001,0.0013000000000000002,0.0007,0.0009000000000000001,0.0016,0.0015,0.0014,0.0012,0.0005,0.0014,0.0022,0.0006,0.0008,0.0016,0.0014,0.0028,0.0019,0.0011,0.0016,0.0018000000000000002,0.0079,0.0014,0.0008,0.0014,0.0012,0.0033,0.0046,0.011,0.0015,0.0008
https://doi.org/10.1016/j.apgeochem.2015.03.001,Tl,7.9e-05,3.4000000000000007e-05,2.3e-05,2.8e-05,0.0002,0.000107,2.5e-05, ,9.900000000000001e-05,5.5e-05,2e-05,2.6e-05,0.000154,0.00158,6e-05,3.5000000000000004e-05,0.000724, ,1.8e-05,0.000257,0.000345,9.3e-05,0.0018100000000000002,0.00145, ,0.000144,3.5000000000000004e-05,0.00079,0.00101,2.8e-05,2e-05,7.4e-05,0.000601,9.400000000000001e-05,4.9000000000000005e-05,0.00059,0.000612,0.000505,7.7e-05,1.7000000000000003e-05,1.9e-05,0.000118,0.000295,7.2e-05,2.2e-05, ,1e-05,0.000115,8e-05,2.3e-05,2.3e-05,2.6e-05,0.000148,3.5000000000000004e-05,4e-05,2e-06,5.7e-05,6.7e-05,2.5e-05,0.000106,0.000747,5.7e-05,1.5e-05, ,1.5e-05,0.000145,0.0001,6.1e-05,1.3e-05,0.0005290000000000001, ,8.1e-05,4.6e-05,0.000212,0.000259,1.9e-05,2e-06,1.3e-05,0.0004,0.00013700000000000002,4.8e-05,0.000386,0.000427,0.00046300000000000003,3.9e-05,4e-06,1.1e-05,1.7000000000000003e-05,1.7000000000000003e-05,4.1e-05,2.2e-05, ,0.00014000000000000001,9.1e-05
https://doi.org/10.1016/j.apgeochem.2015.03.001,Tm,0.000144,3.7e-05,6.7e-05,2.6e-05,0.00101,0.000212,5e-06, ,0.000243,0.00031, ,5e-05,0.00263,0.000771,0.000805, ,0.00233,3e-06,2e-06,0.00235,0.00233,2.1000000000000002e-05,0.00543,0.0066, ,0.000252, ,0.007730000000000001,0.0079,1.6e-05, ,2.4e-05,0.00185, ,5e-06,0.0018700000000000001,0.00825,0.00495,0.00028100000000000005,2.1000000000000002e-05,2e-06,0.0016899999999999999,0.000285,0.00164,0.000178,0.000231,1e-05,0.0007700000000000001,0.0001,4e-06,1.8e-05,8e-06,6e-06,4e-05,2e-05,1e-06,1.8e-05, ,2e-06,1e-05, ,9.3e-05, , , ,5e-06, , , ,1.7000000000000003e-05, ,7e-06, ,9e-06,1.6e-05,1e-06, , ,1.2e-05,4e-06,2e-06,2e-06, ,2e-06, , , ,0.000163,1e-06,4e-06,7.6e-05, , ,7e-06
https://doi.org/10.1016/j.apgeochem.2015.03.001,U,0.00134,0.000254,0.00022,0.000148,0.0030499999999999998,0.00021700000000000002,0.00017,2e-05,0.00115,0.000455,0.00086,0.00011600000000000001,0.00447,0.00332,0.00040300000000000004,0.00447,0.00478,0.00034100000000000005,0.000182,0.00504,0.00447,0.00013800000000000002,0.0070599999999999994,0.007,1.8e-05,0.000829,0.00029099999999999997,0.023899999999999998,0.03270000000000001,0.000162,0.00011899999999999999,0.00223,0.00467,0.00654,0.00138,0.0056500000000000005,0.010400000000000001,0.0057,0.0035600000000000002,0.0013000000000000002,0.00159,0.00233,0.000465,0.00321,0.0012,0.0005340000000000001,0.000715,0.00132,0.000771,3.7e-05,4.4e-05,0.000133,0.0010500000000000002,4.4999999999999996e-05,0.000345,6.900000000000001e-05,0.00040300000000000004,0.000303,0.000123,0.000432,8.300000000000001e-05,0.000144,4.4999999999999996e-05,0.000342,0.000125,1.7000000000000003e-05,2e-06,3.9e-05,3e-06,0.000145,1e-05,0.00023300000000000003,5.9e-05,0.000467,0.00038500000000000003,9e-06,1.2e-05,0.0011,7.7e-05,0.0096,0.0017,0.00127,0.000134,0.000337,0.00163,0.000727,0.00193,0.0013700000000000001,9.3e-05,0.000882,0.0012900000000000001,0.000523,0.0029100000000000003,7.5e-05
https://doi.org/10.1016/j.apgeochem.2015.03.001,V,0.0003, , , ,0.0002,0.0002, , , , , , ,0.0001,0.0117, , ,0.012400000000000001, , , , , ,0.0724,0.07, ,0.0003, ,0.0002,0.0003,0.0027, , , ,0.0002,0.0007,0.001,0.0003, , , , , , ,0.0002, , , ,0.0002, , , ,0.0002,0.0002,0.0005,0.0023,0.0002,0.0002, , ,0.0001, , ,0.0002, , ,0.0001, , ,0.0001, , , , , ,0.0002,0.0002, , , ,0.0006,0.0002,0.0001, , , , ,0.0001, , ,0.0001,0.0007, , ,0.0003
https://doi.org/10.1016/j.apgeochem.2015.03.001,W, , , , ,5e-05,2e-05, , ,2e-05, , , ,0.00016,5e-05,5e-05, ,0.00022,4e-05,3e-05,0.00014000000000000001,0.0001, ,0.00055,0.00042, ,2e-05, ,0.00035,0.00034, , , ,0.00012, , ,0.00012,0.0005600000000000001,0.0003,5e-05, , ,0.00012, ,0.00012, ,2e-05, ,4e-05, , , , , , , , , , , , , , , , , , ,2e-05, , , , , , , , , , , , , , , , ,3e-05, , , ,2e-05, , , ,2e-05, ,
https://doi.org/10.1016/j.apgeochem.2015.03.001,Y,0.00979,0.00254,0.00456,0.00277,0.0878,0.0222,0.000565,7.4e-05,0.0218,0.0302,0.00015,0.00743,0.2,0.0694,0.0878,2.5e-05,0.184,0.000355,0.000191,0.16,0.156,0.00152,0.506,0.47000000000000003,0.0008950000000000001,0.0282,0.000126,0.5,0.59,0.0013700000000000001,1.3e-05,0.0047599999999999995,0.151,2.6e-05,0.00039600000000000003,0.139,0.59,0.584,0.0293,0.00317,0.00035999999999999997,0.17,0.027600000000000003,0.18,0.0182,0.0224,0.00023,0.0634,0.007370000000000001,0.000261,0.0016200000000000001,0.000844,0.00059,0.00635,0.0013700000000000001,0.000111,0.0028799999999999997,0.000735,0.000364,0.0012,0.000111,0.0116,2e-05,1.2e-05,1.7000000000000003e-05,0.00039000000000000005,1.6e-05,2.7e-05,3.8e-05,0.00412,1.5e-05,0.000624,4.4999999999999996e-05,0.00236,0.0021000000000000003,0.00011899999999999999,2.7e-05,0.000201,0.00142,0.00044300000000000003,0.00017199999999999998,0.000191,8.400000000000001e-05,0.000218,0.000134,5.1e-05,4.1e-05,0.019100000000000002,0.000153,0.000377,0.00745,5.5e-05,0.000175,0.000528
https://doi.org/10.1016/j.apgeochem.2015.03.001,Yb,0.000949,0.000243,0.000422,0.00015,0.00622,0.00127,4.4999999999999996e-05,5e-06,0.00143,0.0018700000000000001,5e-06,0.00026900000000000003,0.0156,0.00459,0.00466, ,0.0135,1.9e-05,8e-06,0.014199999999999999,0.015,0.00013000000000000002,0.032600000000000004,0.0389,2.3e-05,0.00142,8e-06,0.0445,0.0509,9.7e-05, ,0.00011700000000000001,0.0112,1e-06,2.8e-05,0.0115,0.05,0.0315,0.00158,0.00011300000000000001,1.1e-05,0.009859999999999999,0.0017800000000000001,0.00945,0.0010600000000000002,0.00127,6.500000000000001e-05,0.00468,0.000635,2.9000000000000004e-05,0.00011,4e-05,3.5000000000000004e-05,0.00023,0.000125,7e-06,0.000104,2e-05,1.1e-05,6e-05,6e-06,0.0005420000000000001,2e-06, , ,3.3e-05,1e-06,2e-06, ,9.1e-05, ,4e-05,5e-06,4.4e-05,7.5e-05,6e-06,2e-06,6e-06,5.5e-05,2.3e-05,1.2e-05,1.3e-05,6e-06,1.4e-05,7e-06,6e-06,2e-06,0.0009090000000000001,5e-06,2.3e-05,0.000448,9e-06,4.4999999999999996e-05,3.1e-05
https://doi.org/10.1016/j.apgeochem.2015.03.001,Zn,0.406,0.20600000000000002,0.226,0.432,0.862,0.47000000000000003,0.0112,0.0022,0.379,0.509,0.008199999999999999,0.0841,2.58,0.47800000000000004,0.756,0.0044,3.52,0.0025,0.0069500000000000004,4.37,4.8100000000000005,0.0273,5,2.75,0.0592,0.522,0.032100000000000004,18.7,17.900000000000002,0.014400000000000001,0.0023,0.073,0.988,0.0132,0.00875,1.24,2.8000000000000003,2.06,0.097,0.20800000000000002,0.011,0.883,0.41100000000000003,1.25,0.136,0.0444,0.0056,0.668,0.364,0.0205,0.226,0.169,0.0157,0.148,0.0185,0.0025,0.17,0.1,0.024,0.0519,0.00945,0.38,0.01,0.0017,0.0076,0.0131,0.0028,0.0021000000000000003,0.008,0.26,0.013000000000000001,0.0132,0.0034,0.296,0.0522,0.00705,0.003,0.012199999999999999,0.0178,0.0125,0.0048,0.0083,0.0132,0.00715,0.019,0.00615,0.004900000000000001,0.0564,0.0223,0.0111,0.07970000000000001,0.0264,0.0053,0.008199999999999999
https://doi.org/10.1016/j.apgeochem.2015.03.001,Zr,2e-05,1e-05,2e-05,1e-05,6e-05,2e-05,5e-05,6e-05,4e-05,5e-05,5e-05,1e-05,7.000000000000001e-05,0.0005,2e-05,5e-05,0.00015,3e-05,1e-05,0.00028000000000000003,0.00015,1e-05,0.00025,0.00019, ,5e-05,1e-05,0.00146,0.00186,2e-05,4e-05,3e-05,8.999999999999999e-05,4e-05,5e-05,0.00017,0.00011,0.0001,0.00063,3e-05,2e-05,8e-05,1e-05,6e-05,1e-05,0.00193,0.00075,1e-05,2e-05, , ,5e-05,2e-05, ,0.00015,5e-05,8.999999999999999e-05,5e-05,1e-05,1e-05,1e-05,5e-05,2e-05,1e-05,1e-05,1e-05,1e-05,1e-05,2e-05,4e-05,5e-05,3e-05,1e-05,2e-05,6e-05,1e-05,1e-05,1e-05,1e-05,0.00025,8e-05, ,2e-05,3e-05,1e-05,2e-05,1e-05,1e-05, ,4e-05,8e-05,3e-05,0.00025,
https://doi.org/10.1016/j.apgeochem.2015.03.001,COD,17.1,10,67.7,67.6,46.3,59,58.6, ,14.5,51.5,16.8,14.9,73.9,33.7,24.3,20,252, , ,35.2,117,10.5,646,818,30.9,42.5,26.3,312,284, ,14.1,49.3,80.2,29.2,37,63.8,222,165,135,48.2,12,92.1,33.3,138,38.1,130,113,60.4, , ,90,54.4,29.3, ,44.6, ,10, ,30.8,34.5, ,23.4, ,28.7, , ,48.9,15.2,107,230, ,10.4,32.1,43.5,58.3, , ,15.6,42.3,33.1,41.1,40.2,31.4,18.8,38.8,36.6,43.3,29.4,19.3,28.7,28.1,41.1,37.2,35.7
https://doi.org/10.1016/j.apgeochem.2015.03.001,CN, , , , , , , , , , , , , , , , , , , , , , , , , , , , , , , , , , , , , , , , , , , , , , , , , , , , , , , , , , , , , , , , , , , , , , , , , , , , , , , , , , , , , , , , , , , , , ,
https://doi.org/10.1016/j.apgeochem.2015.03.001,C6H5OH, , , , ,11.2, , , , , , , ,19.7,24,7.1, ,210, , ,15.7,16.1, ,497,414, ,10.5, ,50,127, , ,5.3,8, , ,5.7,68.4,20.5,46.4, , ,10.4, ,29.3, ,70.5, , , , , , , , ,63.2, , , , ,7.8, ,8.6, , , , , , , ,128, , , , , , , , , , , , , , , , , , , , , , , ,
https://doi.org/10.1016/j.apgeochem.2015.03.001,TIC,2.39,1.38,18.9,29.7,19.2,24.2,26.7,26.8, ,3.95,21.9,12.5,8.2,15.9,25.8,24.7,8.3,45,38.3,4.03,1.43,19.8,24.1,23.3,40.4,20.3,25.3,19.2, ,16.3,60,88.5, ,23.1,30.5,5.44,1.85, ,98.9,97.6,75.7,8.4,5.75,53,36,118,94.5,2.65, ,2.03,4.27,20.4,13.9,2.92,28.1,23.4,7.5,12.8,9.45,4.63,6.18,13.5,10.2,25.9,23.7,2.34,5.4,3.41,2.64,1.86,26.6,6.5,12.6,1.72, ,13.3,16.7,29.8,2.23,23.5,24.6,5.6,2.06,3.14,21.1,33.8,38.7,12.1,9,24,33.5,11.3,46.4,5.7
https://doi.org/10.1016/j.apgeochem.2015.03.001,TOC,0.52,0.55, , ,0.8,1.29,0.87,0.91, ,0.73,1.14,0.74,0.8,0.96,0.71,1.1, ,1.18,0.93,0.73,0.67,0.64, ,0.54,0.84,0.62,0.8,2.08,1.89,0.75,1.84,2.23,3.15,0.71,0.66,0.91, ,1.46,1.27,1.34,2.23,1,2.83,1.76,1.15,1.96,1.73,0.58, , , , ,1.18,1.4,0.9,0.73, , ,0.83,0.61,0.79,0.71,1.53,1.3,0.76,0.71,1.07,0.59, ,0.6,0.85,0.52,0.58,1.27,1.16,0.62,1.19,2.12,1.68,1.36,1.04,0.73,1.08,1.15,0.77,2.21,3.31,1.22,2.62,1.71,1.76,1.69,1.88,1.18
https://doi.org/10.1016/j.apgeochem.2015.03.001,TDS,517.25,228,389.5,853.5,1027.5,1792.5,859.25,232.5,1267.5,1350,444.75,2387.5,3455,1975,1682.5,685.75,10180,1245,665,1340,1615,1087.5,17300,18025,1952.5,1305,547.5,6372.5,6887.5,154.25,574.5,2520,1960,322.25,420.75,2605,5092.5,4140,10130,1647.5,1780,1380,607.75,3432.5,717.5,12900,6540,725,512.25,227,360.75,928.5,1087.5,1785,828.75,221.25,1462.5,1642.5,2415,3237.5,1387.5,1697.5,4842.5,1137.5,605,1372.5,1697.5,993.75,3520,7895,1985,1232.5,901.5,3962.5,4542.5,156.75,407,2370,1757.5,1342.5,447.75,2092.5,4087.5,4250,9585,1517.5,1642.5,1357.5,654.25,3257.5,800.5,11725,4855,702.5
https://doi.org/10.1016/j.seppur.2016.07.003,pH,2.74,3.76,,,,,,,,,,,,,,,,,,,,,,,,,,,,,,,,,,,,,,,,,,,,,,,,,,,,,,,,,,,,,,,,,,,,,,,,,,,,,,,,,,,,,,,,,,,,
https://doi.org/10.1016/j.seppur.2016.07.003,TOC,2.3,0,,,,,,,,,,,,,,,,,,,,,,,,,,,,,,,,,,,,,,,,,,,,,,,,,,,,,,,,,,,,,,,,,,,,,,,,,,,,,,,,,,,,,,,,,,,,
https://doi.org/10.1016/j.seppur.2016.07.003,TDS,2839,3025,,,,,,,,,,,,,,,,,,,,,,,,,,,,,,,,,,,,,,,,,,,,,,,,,,,,,,,,,,,,,,,,,,,,,,,,,,,,,,,,,,,,,,,,,,,,
https://doi.org/10.1016/j.seppur.2016.07.003,TSS,87,77,,,,,,,,,,,,,,,,,,,,,,,,,,,,,,,,,,,,,,,,,,,,,,,,,,,,,,,,,,,,,,,,,,,,,,,,,,,,,,,,,,,,,,,,,,,,
https://doi.org/10.1016/j.seppur.2016.07.003,SO4,1406.1,1959.5,,,,,,,,,,,,,,,,,,,,,,,,,,,,,,,,,,,,,,,,,,,,,,,,,,,,,,,,,,,,,,,,,,,,,,,,,,,,,,,,,,,,,,,,,,,,
https://doi.org/10.1016/j.seppur.2016.07.003,Cl,54.5,151.5,,,,,,,,,,,,,,,,,,,,,,,,,,,,,,,,,,,,,,,,,,,,,,,,,,,,,,,,,,,,,,,,,,,,,,,,,,,,,,,,,,,,,,,,,,,,
https://doi.org/10.1016/j.seppur.2016.07.003,Ca,323,284,,,,,,,,,,,,,,,,,,,,,,,,,,,,,,,,,,,,,,,,,,,,,,,,,,,,,,,,,,,,,,,,,,,,,,,,,,,,,,,,,,,,,,,,,,,,
https://doi.org/10.1016/j.seppur.2016.07.003,Mg,97,226,,,,,,,,,,,,,,,,,,,,,,,,,,,,,,,,,,,,,,,,,,,,,,,,,,,,,,,,,,,,,,,,,,,,,,,,,,,,,,,,,,,,,,,,,,,,
