Source,Element,Concentration (mg/L),Unnamed: 3,Unnamed: 4,Unnamed: 5,Unnamed: 6,Unnamed: 7,Unnamed: 8,Unnamed: 9,Unnamed: 10,Unnamed: 11,Unnamed: 12,Unnamed: 13,Unnamed: 14,Unnamed: 15,Unnamed: 16,Unnamed: 17,Unnamed: 18,Unnamed: 19,Unnamed: 20,Unnamed: 21
https://www.mdpi.com/2073-4441/15/20/3676,pH,7.74,,6.7,8.3,8.9,9.2,7.2,8,8,8.3,8.7,7.82,8.2,7.8,7.3,7.2,8,8,7.1,8.96
https://www.mdpi.com/2073-4441/15/20/3676,COD,485,2554,450,3600,5300,970,232.7,1494,480,3970,4745,310,,74800,330,1179,350,112,208.56,19200
https://www.mdpi.com/2073-4441/15/20/3676,TSS,600,,150,30,40,42.3,86.2,75,315,30,40,,31,2010,253.3,,60,,30,1093.5
https://www.mdpi.com/2073-4441/15/20/3676,TDS,800,,,3.8,6.2,1220,276,,,3800,6200,1910,,41600,,74,2100,930,5.12,22130
https://www.mdpi.com/2073-4441/15/20/3676,TOC,,610.93,119,,,,,,,,,,,5490,391,,,,159.8,4758.1395
https://www.mdpi.com/2073-4441/15/20/3676,NH3,13.7,81.2,,,,,0.7,,,,,,0.81,,9.5,,,0.7,0.7,64.325
https://www.mdpi.com/2073-4441/15/20/3676,Phenols,3.5,,,11,,14,0.17,70,13.8,8,10,,20.7,,,257,7.35,,1.835,163.5
https://www.mdpi.com/2073-4441/15/20/3676,S,,,,,,,,142,16.8,,,,,,,0.18,,,1.842,129.48
https://www.mdpi.com/2073-4441/15/20/3676,O&G,17.36,,870,,,,2.9,,94,,,,,,,217,14.75,,5.8625,706.75
https://echo.epa.gov/trends/loading-tool/water-pollution-search,TDS,18299.12839,,,,,,,,,,,,,,,,,,,
https://echo.epa.gov/trends/loading-tool/water-pollution-search,TDS,7747.196073,,,,,,,,,,,,,,,,,,,
https://echo.epa.gov/trends/loading-tool/water-pollution-search,SO4,1019.367924,,,,,,,,,,,,,,,,,,,
https://echo.epa.gov/trends/loading-tool/water-pollution-search,COD,893.8551413,,,,,,,,,,,,,,,,,,,
https://echo.epa.gov/trends/loading-tool/water-pollution-search,COD,797.6553852,,,,,,,,,,,,,,,,,,,
https://echo.epa.gov/trends/loading-tool/water-pollution-search,Cl,509.2678835,,,,,,,,,,,,,,,,,,,
https://echo.epa.gov/trends/loading-tool/water-pollution-search,COD,296.6767442,,,,,,,,,,,,,,,,,,,
https://echo.epa.gov/trends/loading-tool/water-pollution-search,COD,194.130891,,,,,,,,,,,,,,,,,,,
https://echo.epa.gov/trends/loading-tool/water-pollution-search,COD,192.6436698,,,,,,,,,,,,,,,,,,,
https://echo.epa.gov/trends/loading-tool/water-pollution-search,BOD5,186.8841157,,,,,,,,,,,,,,,,,,,
https://echo.epa.gov/trends/loading-tool/water-pollution-search,COD,161.7915725,,,,,,,,,,,,,,,,,,,
https://echo.epa.gov/trends/loading-tool/water-pollution-search,COD,146.1290202,,,,,,,,,,,,,,,,,,,
https://echo.epa.gov/trends/loading-tool/water-pollution-search,COD,144.2843385,,,,,,,,,,,,,,,,,,,
https://echo.epa.gov/trends/loading-tool/water-pollution-search,TOC,124.3391557,,,,,,,,,,,,,,,,,,,
https://echo.epa.gov/trends/loading-tool/water-pollution-search,COD,109.9472327,,,,,,,,,,,,,,,,,,,
https://echo.epa.gov/trends/loading-tool/water-pollution-search,COD,109.2634714,,,,,,,,,,,,,,,,,,,
https://echo.epa.gov/trends/loading-tool/water-pollution-search,COD,96.66658902,,,,,,,,,,,,,,,,,,,
https://echo.epa.gov/trends/loading-tool/water-pollution-search,COD,90.32482168,,,,,,,,,,,,,,,,,,,
https://echo.epa.gov/trends/loading-tool/water-pollution-search,COD,80.56294726,,,,,,,,,,,,,,,,,,,
https://echo.epa.gov/trends/loading-tool/water-pollution-search,TSS,78.1515393,,,,,,,,,,,,,,,,,,,
https://echo.epa.gov/trends/loading-tool/water-pollution-search,TSS,75.4549487,,,,,,,,,,,,,,,,,,,
https://echo.epa.gov/trends/loading-tool/water-pollution-search,TSS,71.35575329,,,,,,,,,,,,,,,,,,,
https://echo.epa.gov/trends/loading-tool/water-pollution-search,COD,69.65680679,,,,,,,,,,,,,,,,,,,
https://echo.epa.gov/trends/loading-tool/water-pollution-search,NH3,54.88519768,,,,,,,,,,,,,,,,,,,
https://echo.epa.gov/trends/loading-tool/water-pollution-search,TSS,53.52240126,,,,,,,,,,,,,,,,,,,
https://echo.epa.gov/trends/loading-tool/water-pollution-search,BOD5,52.5181145,,,,,,,,,,,,,,,,,,,
https://echo.epa.gov/trends/loading-tool/water-pollution-search,TOC,50.13373563,,,,,,,,,,,,,,,,,,,
https://echo.epa.gov/trends/loading-tool/water-pollution-search,TSS,50.04989744,,,,,,,,,,,,,,,,,,,
https://echo.epa.gov/trends/loading-tool/water-pollution-search,COD,48.16708194,,,,,,,,,,,,,,,,,,,
https://echo.epa.gov/trends/loading-tool/water-pollution-search,TSS,46.20692477,,,,,,,,,,,,,,,,,,,
https://echo.epa.gov/trends/loading-tool/water-pollution-search,COD,44.17260919,,,,,,,,,,,,,,,,,,,
https://echo.epa.gov/trends/loading-tool/water-pollution-search,TSS,43.32313593,,,,,,,,,,,,,,,,,,,
https://echo.epa.gov/trends/loading-tool/water-pollution-search,O&G,39.33223596,,,,,,,,,,,,,,,,,,,
https://echo.epa.gov/trends/loading-tool/water-pollution-search,BOD5,39.20037128,,,,,,,,,,,,,,,,,,,
https://echo.epa.gov/trends/loading-tool/water-pollution-search,TSS,35.36582524,,,,,,,,,,,,,,,,,,,
https://echo.epa.gov/trends/loading-tool/water-pollution-search,COD,31.87714064,,,,,,,,,,,,,,,,,,,
https://echo.epa.gov/trends/loading-tool/water-pollution-search,NH3,31.33054899,,,,,,,,,,,,,,,,,,,
https://echo.epa.gov/trends/loading-tool/water-pollution-search,TOC,30.83587918,,,,,,,,,,,,,,,,,,,
https://echo.epa.gov/trends/loading-tool/water-pollution-search,TOC,30.54994685,,,,,,,,,,,,,,,,,,,
https://echo.epa.gov/trends/loading-tool/water-pollution-search,TSS,29.73156387,,,,,,,,,,,,,,,,,,,
https://echo.epa.gov/trends/loading-tool/water-pollution-search,TSS,29.66767442,,,,,,,,,,,,,,,,,,,
https://echo.epa.gov/trends/loading-tool/water-pollution-search,NH3,23.57188718,,,,,,,,,,,,,,,,,,,
https://echo.epa.gov/trends/loading-tool/water-pollution-search,NH3,23.38561758,,,,,,,,,,,,,,,,,,,
https://echo.epa.gov/trends/loading-tool/water-pollution-search,TSS,23.2057478,,,,,,,,,,,,,,,,,,,
https://echo.epa.gov/trends/loading-tool/water-pollution-search,TOC,22.92621952,,,,,,,,,,,,,,,,,,,
https://echo.epa.gov/trends/loading-tool/water-pollution-search,TSS,21.3906835,,,,,,,,,,,,,,,,,,,
https://echo.epa.gov/trends/loading-tool/water-pollution-search,TSS,21.06693668,,,,,,,,,,,,,,,,,,,
https://echo.epa.gov/trends/loading-tool/water-pollution-search,TSS,20.55513208,,,,,,,,,,,,,,,,,,,
https://echo.epa.gov/trends/loading-tool/water-pollution-search,TSS,19.20141933,,,,,,,,,,,,,,,,,,,
https://echo.epa.gov/trends/loading-tool/water-pollution-search,TOC,19.15425175,,,,,,,,,,,,,,,,,,,
https://echo.epa.gov/trends/loading-tool/water-pollution-search,TOC,18.90105533,,,,,,,,,,,,,,,,,,,
https://echo.epa.gov/trends/loading-tool/water-pollution-search,COD,17.77847889,,,,,,,,,,,,,,,,,,,
https://echo.epa.gov/trends/loading-tool/water-pollution-search,TSS,17.74246913,,,,,,,,,,,,,,,,,,,
https://echo.epa.gov/trends/loading-tool/water-pollution-search,O&G,17.48457758,,,,,,,,,,,,,,,,,,,
https://echo.epa.gov/trends/loading-tool/water-pollution-search,TSS,17.472894,,,,,,,,,,,,,,,,,,,
https://echo.epa.gov/trends/loading-tool/water-pollution-search,BOD5,15.92394418,,,,,,,,,,,,,,,,,,,
https://echo.epa.gov/trends/loading-tool/water-pollution-search,BOD5,15.19021142,,,,,,,,,,,,,,,,,,,
https://echo.epa.gov/trends/loading-tool/water-pollution-search,TSS,14.01630868,,,,,,,,,,,,,,,,,,,
https://echo.epa.gov/trends/loading-tool/water-pollution-search,TSS,13.88381986,,,,,,,,,,,,,,,,,,,
https://echo.epa.gov/trends/loading-tool/water-pollution-search,O&G,13.2904919,,,,,,,,,,,,,,,,,,,
https://echo.epa.gov/trends/loading-tool/water-pollution-search,TSS,13.1604337,,,,,,,,,,,,,,,,,,,
https://echo.epa.gov/trends/loading-tool/water-pollution-search,BOD5,12.97133459,,,,,,,,,,,,,,,,,,,
https://echo.epa.gov/trends/loading-tool/water-pollution-search,BOD5,12.73169709,,,,,,,,,,,,,,,,,,,
https://echo.epa.gov/trends/loading-tool/water-pollution-search,TSS,12.60508699,,,,,,,,,,,,,,,,,,,
https://echo.epa.gov/trends/loading-tool/water-pollution-search,O&G,11.79048631,,,,,,,,,,,,,,,,,,,
https://echo.epa.gov/trends/loading-tool/water-pollution-search,BOD5,11.66898291,,,,,,,,,,,,,,,,,,,
https://echo.epa.gov/trends/loading-tool/water-pollution-search,TSS,11.0431523,,,,,,,,,,,,,,,,,,,
https://echo.epa.gov/trends/loading-tool/water-pollution-search,O&G,10.68036279,,,,,,,,,,,,,,,,,,,
https://echo.epa.gov/trends/loading-tool/water-pollution-search,O&G,10.54456967,,,,,,,,,,,,,,,,,,,
https://echo.epa.gov/trends/loading-tool/water-pollution-search,BOD5,10.16431408,,,,,,,,,,,,,,,,,,,
https://echo.epa.gov/trends/loading-tool/water-pollution-search,TOC,10.02378439,,,,,,,,,,,,,,,,,,,
https://echo.epa.gov/trends/loading-tool/water-pollution-search,BOD5,9.884819147,,,,,,,,,,,,,,,,,,,
https://echo.epa.gov/trends/loading-tool/water-pollution-search,BOD5,9.464699275,,,,,,,,,,,,,,,,,,,
https://echo.epa.gov/trends/loading-tool/water-pollution-search,TSS,9.344205791,,,,,,,,,,,,,,,,,,,
https://echo.epa.gov/trends/loading-tool/water-pollution-search,O&G,8.860383823,,,,,,,,,,,,,,,,,,,
https://echo.epa.gov/trends/loading-tool/water-pollution-search,O&G,8.778235084,,,,,,,,,,,,,,,,,,,
https://echo.epa.gov/trends/loading-tool/water-pollution-search,TSS,8.648854875,,,,,,,,,,,,,,,,,,,
https://echo.epa.gov/trends/loading-tool/water-pollution-search,TSS,8.494732532,,,,,,,,,,,,,,,,,,,
https://echo.epa.gov/trends/loading-tool/water-pollution-search,BOD5,8.459985282,,,,,,,,,,,,,,,,,,,
https://echo.epa.gov/trends/loading-tool/water-pollution-search,BOD5,8.45528721,,,,,,,,,,,,,,,,,,,
https://echo.epa.gov/trends/loading-tool/water-pollution-search,O&G,8.403391324,,,,,,,,,,,,,,,,,,,
https://echo.epa.gov/trends/loading-tool/water-pollution-search,O&G,8.048735997,,,,,,,,,,,,,,,,,,,
https://echo.epa.gov/trends/loading-tool/water-pollution-search,O&G,8.02753027,,,,,,,,,,,,,,,,,,,
https://echo.epa.gov/trends/loading-tool/water-pollution-search,TSS,8.013969986,,,,,,,,,,,,,,,,,,,
https://echo.epa.gov/trends/loading-tool/water-pollution-search,O&G,7.560311954,,,,,,,,,,,,,,,,,,,
https://echo.epa.gov/trends/loading-tool/water-pollution-search,TOC,7.475364631,,,,,,,,,,,,,,,,,,,
https://echo.epa.gov/trends/loading-tool/water-pollution-search,O&G,6.734271083,,,,,,,,,,,,,,,,,,,
https://echo.epa.gov/trends/loading-tool/water-pollution-search,BOD5,6.722713063,,,,,,,,,,,,,,,,,,,
https://echo.epa.gov/trends/loading-tool/water-pollution-search,O&G,6.3710494,,,,,,,,,,,,,,,,,,,
https://echo.epa.gov/trends/loading-tool/water-pollution-search,TSS,6.165531681,,,,,,,,,,,,,,,,,,,
https://echo.epa.gov/trends/loading-tool/water-pollution-search,BOD5,5.963027747,,,,,,,,,,,,,,,,,,,
https://echo.epa.gov/trends/loading-tool/water-pollution-search,TSS,5.920040405,,,,,,,,,,,,,,,,,,,
https://echo.epa.gov/trends/loading-tool/water-pollution-search,O&G,5.918910411,,,,,,,,,,,,,,,,,,,
https://echo.epa.gov/trends/loading-tool/water-pollution-search,NH3,5.245628763,,,,,,,,,,,,,,,,,,,
https://echo.epa.gov/trends/loading-tool/water-pollution-search,F,5.195443225,,,,,,,,,,,,,,,,,,,
https://echo.epa.gov/trends/loading-tool/water-pollution-search,TOC,4.924263093,,,,,,,,,,,,,,,,,,,
https://echo.epa.gov/trends/loading-tool/water-pollution-search,TOC,4.825008079,,,,,,,,,,,,,,,,,,,
https://echo.epa.gov/trends/loading-tool/water-pollution-search,NH3,4.572642125,,,,,,,,,,,,,,,,,,,
https://echo.epa.gov/trends/loading-tool/water-pollution-search,TOC,4.315324127,,,,,,,,,,,,,,,,,,,
https://echo.epa.gov/trends/loading-tool/water-pollution-search,O&G,4.235547508,,,,,,,,,,,,,,,,,,,
https://echo.epa.gov/trends/loading-tool/water-pollution-search,NH3,3.772354694,,,,,,,,,,,,,,,,,,,
https://echo.epa.gov/trends/loading-tool/water-pollution-search,BOD5,3.548562989,,,,,,,,,,,,,,,,,,,
https://echo.epa.gov/trends/loading-tool/water-pollution-search,TSS,3.397893014,,,,,,,,,,,,,,,,,,,
https://echo.epa.gov/trends/loading-tool/water-pollution-search,TSS,3.227998363,,,,,,,,,,,,,,,,,,,
https://echo.epa.gov/trends/loading-tool/water-pollution-search,NH3,3.208794782,,,,,,,,,,,,,,,,,,,
https://echo.epa.gov/trends/loading-tool/water-pollution-search,O&G,3.169235199,,,,,,,,,,,,,,,,,,,
https://echo.epa.gov/trends/loading-tool/water-pollution-search,TSS,2.877248118,,,,,,,,,,,,,,,,,,,
https://echo.epa.gov/trends/loading-tool/water-pollution-search,O&G,2.548419767,,,,,,,,,,,,,,,,,,,
https://echo.epa.gov/trends/loading-tool/water-pollution-search,NH3,2.526502543,,,,,,,,,,,,,,,,,,,
https://echo.epa.gov/trends/loading-tool/water-pollution-search,TSS,2.514308449,,,,,,,,,,,,,,,,,,,
https://echo.epa.gov/trends/loading-tool/water-pollution-search,TSS,2.463472432,,,,,,,,,,,,,,,,,,,
https://echo.epa.gov/trends/loading-tool/water-pollution-search,O&G,2.398418005,,,,,,,,,,,,,,,,,,,
https://echo.epa.gov/trends/loading-tool/water-pollution-search,O&G,1.836693406,,,,,,,,,,,,,,,,,,,
https://echo.epa.gov/trends/loading-tool/water-pollution-search,P,1.829912839,,,,,,,,,,,,,,,,,,,
https://echo.epa.gov/trends/loading-tool/water-pollution-search,O&G,1.444104528,,,,,,,,,,,,,,,,,,,
https://echo.epa.gov/trends/loading-tool/water-pollution-search,O&G,1.369439213,,,,,,,,,,,,,,,,,,,
https://echo.epa.gov/trends/loading-tool/water-pollution-search,Zn,1.310122721,,,,,,,,,,,,,,,,,,,
https://echo.epa.gov/trends/loading-tool/water-pollution-search,O&G,1.189262555,,,,,,,,,,,,,,,,,,,
https://echo.epa.gov/trends/loading-tool/water-pollution-search,TOC,0.968213916,,,,,,,,,,,,,,,,,,,
https://echo.epa.gov/trends/loading-tool/water-pollution-search,C6H6,0.95565741,,,,,,,,,,,,,,,,,,,
https://echo.epa.gov/trends/loading-tool/water-pollution-search,P,0.873359178,,,,,,,,,,,,,,,,,,,
https://echo.epa.gov/trends/loading-tool/water-pollution-search,TOC,0.738755391,,,,,,,,,,,,,,,,,,,
https://echo.epa.gov/trends/loading-tool/water-pollution-search,O&G,0.681280184,,,,,,,,,,,,,,,,,,,
https://echo.epa.gov/trends/loading-tool/water-pollution-search,N,0.512150164,,,,,,,,,,,,,,,,,,,
https://echo.epa.gov/trends/loading-tool/water-pollution-search,NH3,0.458715557,,,,,,,,,,,,,,,,,,,
https://echo.epa.gov/trends/loading-tool/water-pollution-search,NH3,0.40548819,,,,,,,,,,,,,,,,,,,
https://echo.epa.gov/trends/loading-tool/water-pollution-search,NH3,0.381874336,,,,,,,,,,,,,,,,,,,
https://echo.epa.gov/trends/loading-tool/water-pollution-search,S,0.33809945,,,,,,,,,,,,,,,,,,,
https://echo.epa.gov/trends/loading-tool/water-pollution-search,Zn,0.288820906,,,,,,,,,,,,,,,,,,,
https://echo.epa.gov/trends/loading-tool/water-pollution-search,S,0.255439314,,,,,,,,,,,,,,,,,,,
https://echo.epa.gov/trends/loading-tool/water-pollution-search,TOC,0.218435979,,,,,,,,,,,,,,,,,,,
https://echo.epa.gov/trends/loading-tool/water-pollution-search,S,0.188617735,,,,,,,,,,,,,,,,,,,
https://echo.epa.gov/trends/loading-tool/water-pollution-search,C2H5OH,0.168067821,,,,,,,,,,,,,,,,,,,
https://echo.epa.gov/trends/loading-tool/water-pollution-search,Se,0.16003964,,,,,,,,,,,,,,,,,,,
https://echo.epa.gov/trends/loading-tool/water-pollution-search,O&G,0.144828237,,,,,,,,,,,,,,,,,,,
https://echo.epa.gov/trends/loading-tool/water-pollution-search,C10H8,0.136850141,,,,,,,,,,,,,,,,,,,
https://echo.epa.gov/trends/loading-tool/water-pollution-search,NH3,0.134027043,,,,,,,,,,,,,,,,,,,
https://echo.epa.gov/trends/loading-tool/water-pollution-search,S,0.12883191,,,,,,,,,,,,,,,,,,,
https://echo.epa.gov/trends/loading-tool/water-pollution-search,S,0.090455058,,,,,,,,,,,,,,,,,,,
https://echo.epa.gov/trends/loading-tool/water-pollution-search,S,0.074961346,,,,,,,,,,,,,,,,,,,
https://echo.epa.gov/trends/loading-tool/water-pollution-search,Cr,0.049974231,,,,,,,,,,,,,,,,,,,
https://echo.epa.gov/trends/loading-tool/water-pollution-search,CN,0.034310539,,,,,,,,,,,,,,,,,,,
https://echo.epa.gov/trends/loading-tool/water-pollution-search,As,0.03397893,,,,,,,,,,,,,,,,,,,
https://echo.epa.gov/trends/loading-tool/water-pollution-search,S,0.025265025,,,,,,,,,,,,,,,,,,,
https://echo.epa.gov/trends/loading-tool/water-pollution-search,Cu,0.023499959,,,,,,,,,,,,,,,,,,,
https://echo.epa.gov/trends/loading-tool/water-pollution-search,C8H10,0.016989465,,,,,,,,,,,,,,,,,,,
https://echo.epa.gov/trends/loading-tool/water-pollution-search,TOC,0.016690649,,,,,,,,,,,,,,,,,,,
https://echo.epa.gov/trends/loading-tool/water-pollution-search,Cr,0.012164646,,,,,,,,,,,,,,,,,,,
https://echo.epa.gov/trends/loading-tool/water-pollution-search,S,0.012004937,,,,,,,,,,,,,,,,,,,
https://echo.epa.gov/trends/loading-tool/water-pollution-search,C8H10,0.010193677,,,,,,,,,,,,,,,,,,,
https://echo.epa.gov/trends/loading-tool/water-pollution-search,C6H6,0.008403399,,,,,,,,,,,,,,,,,,,
https://echo.epa.gov/trends/loading-tool/water-pollution-search,C7H8,0.008403399,,,,,,,,,,,,,,,,,,,
https://echo.epa.gov/trends/loading-tool/water-pollution-search,C8H10,0.008403399,,,,,,,,,,,,,,,,,,,
https://echo.epa.gov/trends/loading-tool/water-pollution-search,C8H10,0.008403399,,,,,,,,,,,,,,,,,,,
https://echo.epa.gov/trends/loading-tool/water-pollution-search,C3H6O,0.008403399,,,,,,,,,,,,,,,,,,,
https://echo.epa.gov/trends/loading-tool/water-pollution-search,Cr,0.005614452,,,,,,,,,,,,,,,,,,,
https://echo.epa.gov/trends/loading-tool/water-pollution-search,CN,0.004247366,,,,,,,,,,,,,,,,,,,
https://echo.epa.gov/trends/loading-tool/water-pollution-search,C8H10,0.00365274,,,,,,,,,,,,,,,,,,,
https://echo.epa.gov/trends/loading-tool/water-pollution-search,Cu,0.003397893,,,,,,,,,,,,,,,,,,,
https://echo.epa.gov/trends/loading-tool/water-pollution-search,C6H6,0.002123686,,,,,,,,,,,,,,,,,,,
https://echo.epa.gov/trends/loading-tool/water-pollution-search,C8H10,0.001698947,,,,,,,,,,,,,,,,,,,
https://echo.epa.gov/trends/loading-tool/water-pollution-search,C7H8,0.001698947,,,,,,,,,,,,,,,,,,,
https://echo.epa.gov/trends/loading-tool/water-pollution-search,Pb,0.001366163,,,,,,,,,,,,,,,,,,,
https://echo.epa.gov/trends/loading-tool/water-pollution-search,C8H10,0.000822072,,,,,,,,,,,,,,,,,,,
https://echo.epa.gov/trends/loading-tool/water-pollution-search,Cu,0.000331295,,,,,,,,,,,,,,,,,,,
https://echo.epa.gov/trends/loading-tool/water-pollution-search,C16H10,0.000114026,,,,,,,,,,,,,,,,,,,
https://echo.epa.gov/trends/loading-tool/water-pollution-search,C8H10,0.000105836,,,,,,,,,,,,,,,,,,,
https://echo.epa.gov/trends/loading-tool/water-pollution-search,C10H8,0.0000713,,,,,,,,,,,,,,,,,,,
https://echo.epa.gov/trends/loading-tool/water-pollution-search,C8H10,0.0000279,,,,,,,,,,,,,,,,,,,
https://echo.epa.gov/trends/loading-tool/water-pollution-search,Hg,0.00000717,,,,,,,,,,,,,,,,,,,
https://echo.epa.gov/trends/loading-tool/water-pollution-search,Hg,0.00000254,,,,,,,,,,,,,,,,,,,
https://doi.org/10.3390/catal11070782,Cd,0.2,,0.045,,,0,0.031,0.054,0.026,5.93,,,,,,,,,,
https://doi.org/10.1016/j.heliyon.2021.e08116,Cr,0.002,1.1,0.022,,1.225,0.06,2.33,0.025,0.04,,,,,,,,,,,
https://doi.org/10.30476/jhsss.2019.82259.1015,Cu,0.002,1.5,,,0.005,,0.86,0.031,0.03,,,,,,,,,,,
https://doi.org/ 10.47524/tjst.21.5,Pb,0.004,0.04,0.03,0.0135,0.47,1.75,2.06,,0.01,,,,,,,,,,,
https://doi.org/10.4314/jasem.v24i12.6,Mn,,0.58,,,,0.149,,,,,,,,,,,,,,
https://doi.org/10.4172/2157-7463.1000324,Fe,0.1,5.14,100,0.253,,2.535,2.28,0.775,0.88,,,,,,,,,,,
https://doi.org/10.47277/JETT/10(1)23,Zn,0.01,0.75,35,0.33,0.45,1.133,7.56,0.75,0.03,,,,,,,,,,,
https://doi.org/10.3390/su14084394,As,0.01,,35,,,,,,,2.78,,,,,,,,,,
https://casirmediapublishing.com/2019/09/23/removal-of-heavy-metals-from-petroleum-refinery-effluent-using-coconut-shell-based-activated-carbon/,Hg,0.001,,0.002,,,,,,,1.05264,,,,,,,,,,
https://casirmediapublishing.com/2019/09/23/removal-of-heavy-metals-from-petroleum-refinery-effluent-using-coconut-shell-based-activated-carbon/,Ni,,0.02,0.176,,,,1.03,0.188,,,,,,,,,,,,
