Source,Element,Concentration mg/L,Unnamed: 4,Unnamed: 5,Unnamed: 6
https://www.epa.gov/sites/default/files/2015-10/documents/nfmm_dd_1989_vol_1.pdf  P372,pH,6.4,12.0,7.2,11.0
https://www.epa.gov/sites/default/files/2015-10/documents/nfmm_dd_1989_vol_1.pdf  P372,pH,6.8,10.0,,
https://nepis.epa.gov/Exe/ZyPURL.cgi?Dockey=2000WPVM.TXT Page 76,TSS,10.0,14.0,,
https://nepis.epa.gov/Exe/ZyPURL.cgi?Dockey=2000WPVM.TXT Page 76,TOC,,,,
https://nepis.epa.gov/Exe/ZyPURL.cgi?Dockey=2000WPVM.TXT Page 76,TDS,400.0,102.8,1050.0,1300.0
https://nepis.epa.gov/Exe/ZyPURL.cgi?Dockey=2000WPVM.TXT Page 76,SO4,1.5,90.5,309.0,475.0
https://nepis.epa.gov/Exe/ZyPURL.cgi?Dockey=2000WPVM.TXT Page 76,Na,65.0,,25.0,27.0
https://nepis.epa.gov/Exe/ZyPURL.cgi?Dockey=2000WPVM.TXT Page 76,K,0.5,,,
https://nepis.epa.gov/Exe/ZyPURL.cgi?Dockey=2000WPVM.TXT Page 76,Phenolics,,,,
https://nepis.epa.gov/Exe/ZyPURL.cgi?Dockey=2000WPVM.TXT Page 76,pH,10.0,7.9,7.9,7.9
https://nepis.epa.gov/Exe/ZyPURL.cgi?Dockey=2000WPVM.TXT Page 76,NO3,,,,
https://nepis.epa.gov/Exe/ZyPURL.cgi?Dockey=2000WPVM.TXT Page 76,Hg,0.001,,,
https://nepis.epa.gov/Exe/ZyPURL.cgi?Dockey=2000WPVM.TXT Page 76,Mn,,,,
https://nepis.epa.gov/Exe/ZyPURL.cgi?Dockey=2000WPVM.TXT Page 76,Mg,3.7,,92.0,110.0
https://nepis.epa.gov/Exe/ZyPURL.cgi?Dockey=2000WPVM.TXT Page 76,Pb,,,,
https://nepis.epa.gov/Exe/ZyPURL.cgi?Dockey=2000WPVM.TXT Page 76,Fe,0.1,,,
https://nepis.epa.gov/Exe/ZyPURL.cgi?Dockey=2000WPVM.TXT Page 76,F,,,,
https://nepis.epa.gov/Exe/ZyPURL.cgi?Dockey=2000WPVM.TXT Page 76,CN,,,,
https://nepis.epa.gov/Exe/ZyPURL.cgi?Dockey=2000WPVM.TXT Page 76,Cu,0.01,,0.05,0.05
https://nepis.epa.gov/Exe/ZyPURL.cgi?Dockey=2000WPVM.TXT Page 76,Co,,,,
https://nepis.epa.gov/Exe/ZyPURL.cgi?Dockey=2000WPVM.TXT Page 76,Cr,,,,
https://nepis.epa.gov/Exe/ZyPURL.cgi?Dockey=2000WPVM.TXT Page 76,Cl,120.0,200.0,22.0,22.0
https://nepis.epa.gov/Exe/ZyPURL.cgi?Dockey=2000WPVM.TXT Page 76,COD,,,,
https://nepis.epa.gov/Exe/ZyPURL.cgi?Dockey=2000WPVM.TXT Page 76,CO3,150.0,,700.0,700.0
https://nepis.epa.gov/Exe/ZyPURL.cgi?Dockey=2000WPVM.TXT Page 76,Ca,60.0,,136.0,144.0
https://nepis.epa.gov/Exe/ZyPURL.cgi?Dockey=2000WPVM.TXT Page 76,Cd,0.005,,,
https://nepis.epa.gov/Exe/ZyPURL.cgi?Dockey=2000WPVM.TXT Page 76,Be,,,,
https://nepis.epa.gov/Exe/ZyPURL.cgi?Dockey=2000WPVM.TXT Page 76,As,0.006,,,
https://nepis.epa.gov/Exe/ZyPURL.cgi?Dockey=2000WPVM.TXT Page 76,Sb,,,,
https://nepis.epa.gov/Exe/ZyPURL.cgi?Dockey=2000WPVM.TXT Page 76,NH3,0.75,,,
https://nepis.epa.gov/Exe/ZyPURL.cgi?Dockey=2000WPVM.TXT Page 76,Al,,,,
https://doi.org/10.1016/j.hydromet.2004.07.010,Zn,30.0,50.0,,
https://doi.org/10.1016/j.hydromet.2004.07.010,TDS,91.761,50.0,,
https://doi.org/10.1016/j.hydromet.2004.07.010,SO4,1800.0,2000.0,,
https://doi.org/10.1016/j.hydromet.2004.07.010,pH,2.5,3.5,,
https://doi.org/10.1016/j.hydromet.2004.07.010,Mg,50.0,55.0,,
https://doi.org/10.1016/j.hydromet.2004.07.010,Pb,5.0,6.0,,
https://doi.org/10.1016/j.hydromet.2004.07.010,Fe,50.0,55.0,,
https://doi.org/10.1016/j.hydromet.2004.07.010,Cu,0.4,0.8,,
https://doi.org/10.1016/j.hydromet.2004.07.010,Ca,400.0,450.0,,
https://echo.epa.gov/trends/loading-tool/water-pollution-search_TN0029157,Zn,898.4366264859115,,,
https://echo.epa.gov/trends/loading-tool/water-pollution-search_CO0046931,Zn,33.12900662434508,,,
https://echo.epa.gov/trends/loading-tool/water-pollution-search_PA0255815,Zn,13.139222064478593,,,
https://echo.epa.gov/trends/loading-tool/water-pollution-search_TN0027677,Zn,9.385967864200394,,,
https://echo.epa.gov/trends/loading-tool/water-pollution-search_COR040284,Zn,8.093689528733533,,,
https://echo.epa.gov/trends/loading-tool/water-pollution-search_CO0035394,Zn,6.3560982897676395,,,
https://echo.epa.gov/trends/loading-tool/water-pollution-search_ID0000167,Zn,4.89219019225774,,,
https://echo.epa.gov/trends/loading-tool/water-pollution-search_TN0064289,Zn,4.3284940880756695,,,
https://echo.epa.gov/trends/loading-tool/water-pollution-search_TN0004227,Zn,4.001562462422203,,,
https://echo.epa.gov/trends/loading-tool/water-pollution-search_CO0024562,Zn,3.1022966873509543,,,
https://echo.epa.gov/trends/loading-tool/water-pollution-search_TN0001732,Zn,2.758781954922564,,,
https://echo.epa.gov/trends/loading-tool/water-pollution-search_TN0061468,Zn,2.60847095457723,,,
https://echo.epa.gov/trends/loading-tool/water-pollution-search_CO0000003,Zn,2.154297237401761,,,
https://echo.epa.gov/trends/loading-tool/water-pollution-search_FL0000051,Zn,1.751059250227256,,,
https://echo.epa.gov/trends/loading-tool/water-pollution-search_MO0002003,Zn,1.6352413496214686,,,
https://echo.epa.gov/trends/loading-tool/water-pollution-search_NY0001791,Zn,1.5107756220423418,,,
https://echo.epa.gov/trends/loading-tool/water-pollution-search_TN0001759,Zn,1.13747719921577,,,
https://echo.epa.gov/trends/loading-tool/water-pollution-search_AK0043206,Zn,1.109874149175583,,,
https://echo.epa.gov/trends/loading-tool/water-pollution-search_MO0098752,Zn,1.0479383614168842,,,
https://echo.epa.gov/trends/loading-tool/water-pollution-search_UT0000051,Zn,1.0271084732422002,,,
https://echo.epa.gov/trends/loading-tool/water-pollution-search_IDG910007,Zn,0.7941197023133059,,,
https://echo.epa.gov/trends/loading-tool/water-pollution-search_MO0100218,Zn,0.6650794953985765,,,
https://echo.epa.gov/trends/loading-tool/water-pollution-search_AK0038652,Zn,0.6583495499496231,,,
https://echo.epa.gov/trends/loading-tool/water-pollution-search_CO0048952,Zn,0.6245690426687807,,,
https://echo.epa.gov/trends/loading-tool/water-pollution-search_CO0048119,Zn,0.6096467723405533,,,
https://echo.epa.gov/trends/loading-tool/water-pollution-search_VA0090981,Zn,0.5693882205397912,,,
https://echo.epa.gov/trends/loading-tool/water-pollution-search_MO0001872,Zn,0.48312764982133116,,,
https://echo.epa.gov/trends/loading-tool/water-pollution-search_MO0001881,Zn,0.47208314908084964,,,
https://echo.epa.gov/trends/loading-tool/water-pollution-search_CO0043648,Zn,0.4627930291005291,,,
https://echo.epa.gov/trends/loading-tool/water-pollution-search_MO0001848,Zn,0.459618912072176,,,
https://echo.epa.gov/trends/loading-tool/water-pollution-search_MT0024716,Zn,0.42584064392052673,,,
https://echo.epa.gov/trends/loading-tool/water-pollution-search_ID0025402,Zn,0.41523974724699453,,,
https://echo.epa.gov/trends/loading-tool/water-pollution-search_ID0000175,Zn,0.40830048138988195,,,
https://echo.epa.gov/trends/loading-tool/water-pollution-search_CO0001244,Zn,0.3984102236827628,,,
https://echo.epa.gov/trends/loading-tool/water-pollution-search_CO0037206,Zn,0.34625516883376006,,,
https://echo.epa.gov/trends/loading-tool/water-pollution-search_AK0049514,Zn,0.3375975214003564,,,
https://echo.epa.gov/trends/loading-tool/water-pollution-search_ID0026468,Zn,0.3071919102945864,,,
https://echo.epa.gov/trends/loading-tool/water-pollution-search_MO0001856,Zn,0.2784526773188292,,,
https://echo.epa.gov/trends/loading-tool/water-pollution-search_CO0043168,Zn,0.2402673929955208,,,
https://echo.epa.gov/trends/loading-tool/water-pollution-search_CA0085332,Zn,0.21899748851164438,,,
https://echo.epa.gov/trends/loading-tool/water-pollution-search_MO0133221,Zn,0.20688867116039722,,,
https://echo.epa.gov/trends/loading-tool/water-pollution-search_SC0040479,Zn,0.2034027300078603,,,
https://echo.epa.gov/trends/loading-tool/water-pollution-search_CO0000248,Zn,0.19052239873622465,,,
https://echo.epa.gov/trends/loading-tool/water-pollution-search_MO0001121,Zn,0.16708789115503478,,,
https://echo.epa.gov/trends/loading-tool/water-pollution-search_TN0057029,Zn,0.15889129107775923,,,
https://echo.epa.gov/trends/loading-tool/water-pollution-search_CO0022756,Zn,0.13306506787061276,,,
https://echo.epa.gov/trends/loading-tool/water-pollution-search_ID0000027,Zn,0.12340010647526335,,,
https://echo.epa.gov/trends/loading-tool/water-pollution-search_CO0041467,Zn,0.11038038099210074,,,
https://echo.epa.gov/trends/loading-tool/water-pollution-search_MO0000086,Zn,0.0888272584950493,,,
https://echo.epa.gov/trends/loading-tool/water-pollution-search_GA0050259,Zn,0.08804780188169874,,,
https://echo.epa.gov/trends/loading-tool/water-pollution-search_CO0032751,Zn,0.0880010750246205,,,
https://echo.epa.gov/trends/loading-tool/water-pollution-search_MO0000574,Zn,0.06539870963537527,,,
https://echo.epa.gov/trends/loading-tool/water-pollution-search_WA0025721,Zn,0.05677405282364318,,,
https://echo.epa.gov/trends/loading-tool/water-pollution-search_VAG250136,Zn,0.0486306785789553,,,
https://echo.epa.gov/trends/loading-tool/water-pollution-search_AK0050571,Zn,0.03680314817980136,,,
https://echo.epa.gov/trends/loading-tool/water-pollution-search_CA0081809,Zn,0.03412527129856711,,,
https://echo.epa.gov/trends/loading-tool/water-pollution-search_MN0046981,Zn,0.033530125650171015,,,
https://echo.epa.gov/trends/loading-tool/water-pollution-search_NM0022306,Zn,0.01216227561531031,,,
https://echo.epa.gov/trends/loading-tool/water-pollution-search_AK0053341,Zn,0.0036845639916365347,,,
https://echo.epa.gov/trends/loading-tool/water-pollution-search_AR0000523,V,2504.27322689272,,,
https://echo.epa.gov/trends/loading-tool/water-pollution-search_CO0022756,U,7.290294708673672,,,
https://echo.epa.gov/trends/loading-tool/water-pollution-search_WA0025721,U,0.4348989591525242,,,
https://echo.epa.gov/trends/loading-tool/water-pollution-search_CO0038334,U,0.24437015454672512,,,
https://echo.epa.gov/trends/loading-tool/water-pollution-search_CO0024562,U,0.1928954940794253,,,
https://echo.epa.gov/trends/loading-tool/water-pollution-search_NM0022306,U,0.1418358622087053,,,
https://echo.epa.gov/trends/loading-tool/water-pollution-search_CO0045675,U,0.06302241267780881,,,
https://echo.epa.gov/trends/loading-tool/water-pollution-search_CO0001244,U,0.05020164160988074,,,
https://echo.epa.gov/trends/loading-tool/water-pollution-search_CO0038954,U,0.003158047591373619,,,
https://echo.epa.gov/trends/loading-tool/water-pollution-search_CA0085332,TSS,2649.339094609543,,,
https://echo.epa.gov/trends/loading-tool/water-pollution-search_TN0029157,TSS,1847.1230823164503,,,
https://echo.epa.gov/trends/loading-tool/water-pollution-search_AR0000523,TSS,948.9476572153674,,,
https://echo.epa.gov/trends/loading-tool/water-pollution-search_CO0048119,TSS,739.8623747731175,,,
https://echo.epa.gov/trends/loading-tool/water-pollution-search_MO0001121,TSS,589.6241025993145,,,
https://echo.epa.gov/trends/loading-tool/water-pollution-search_CO0037206,TSS,464.41217338366647,,,
https://echo.epa.gov/trends/loading-tool/water-pollution-search_UT0000051,TSS,408.8699471244065,,,
https://echo.epa.gov/trends/loading-tool/water-pollution-search_CO0024562,TSS,401.0653373094119,,,
https://echo.epa.gov/trends/loading-tool/water-pollution-search_MO0098752,TSS,384.4661141122164,,,
https://echo.epa.gov/trends/loading-tool/water-pollution-search_CO0046931,TSS,314.99724419379595,,,
https://echo.epa.gov/trends/loading-tool/water-pollution-search_MN0055948,TSS,261.99668887164205,,,
https://echo.epa.gov/trends/loading-tool/water-pollution-search_AZ0020401,TSS,209.31818558230808,,,
https://echo.epa.gov/trends/loading-tool/water-pollution-search_CO0043168,TSS,208.97291869476942,,,
https://echo.epa.gov/trends/loading-tool/water-pollution-search_ID0000175,TSS,181.1627695172884,,,
https://echo.epa.gov/trends/loading-tool/water-pollution-search_SD0025852,TSS,174.9765718704258,,,
https://echo.epa.gov/trends/loading-tool/water-pollution-search_SC0040479,TSS,150.25921576368512,,,
https://echo.epa.gov/trends/loading-tool/water-pollution-search_MN0031879,TSS,128.1996919988097,,,
https://echo.epa.gov/trends/loading-tool/water-pollution-search_MN0046981,TSS,120.23682473510071,,,
https://echo.epa.gov/trends/loading-tool/water-pollution-search_CO0046540,TSS,117.39746149331357,,,
https://echo.epa.gov/trends/loading-tool/water-pollution-search_IDG910006,TSS,103.41589251465685,,,
https://echo.epa.gov/trends/loading-tool/water-pollution-search_ID0028321,TSS,100.22221818260945,,,
https://echo.epa.gov/trends/loading-tool/water-pollution-search_VA0092436,TSS,99.75425176834287,,,
https://echo.epa.gov/trends/loading-tool/water-pollution-search_ID0000167,TSS,94.42330673321794,,,
https://echo.epa.gov/trends/loading-tool/water-pollution-search_FL0435490,TSS,85.21490149354476,,,
https://echo.epa.gov/trends/loading-tool/water-pollution-search_VA0090981,TSS,83.32510544384648,,,
https://echo.epa.gov/trends/loading-tool/water-pollution-search_AK0049514,TSS,79.43471091567146,,,
https://echo.epa.gov/trends/loading-tool/water-pollution-search_TN0004227,TSS,79.11676587651168,,,
https://echo.epa.gov/trends/loading-tool/water-pollution-search_FL0040274,TSS,77.51320163790815,,,
https://echo.epa.gov/trends/loading-tool/water-pollution-search_ID0000027,TSS,73.50153384161287,,,
https://echo.epa.gov/trends/loading-tool/water-pollution-search_WA0025721,TSS,57.76363908986537,,,
https://echo.epa.gov/trends/loading-tool/water-pollution-search_MI0006114,TSS,52.10723022243595,,,
https://echo.epa.gov/trends/loading-tool/water-pollution-search_MO0000574,TSS,45.064431537385595,,,
https://echo.epa.gov/trends/loading-tool/water-pollution-search_MI0000094,TSS,41.84950800620614,,,
https://echo.epa.gov/trends/loading-tool/water-pollution-search_FL0000051,TSS,41.71372279118848,,,
https://echo.epa.gov/trends/loading-tool/water-pollution-search_MO0000086,TSS,40.83752787455692,,,
https://echo.epa.gov/trends/loading-tool/water-pollution-search_AK0050571,TSS,37.75856478557001,,,
https://echo.epa.gov/trends/loading-tool/water-pollution-search_MI0058649,TSS,37.166514027173,,,
https://echo.epa.gov/trends/loading-tool/water-pollution-search_TN0027677,TSS,33.78651786327114,,,
https://echo.epa.gov/trends/loading-tool/water-pollution-search_MI0038369,TSS,33.506743845599004,,,
https://echo.epa.gov/trends/loading-tool/water-pollution-search_MO0001881,TSS,32.77832485155898,,,
https://echo.epa.gov/trends/loading-tool/water-pollution-search_FL0000035,TSS,32.41008790910779,,,
https://echo.epa.gov/trends/loading-tool/water-pollution-search_OR0033812,TSS,31.815747616133212,,,
https://echo.epa.gov/trends/loading-tool/water-pollution-search_SD0026883,TSS,31.63705124810054,,,
https://echo.epa.gov/trends/loading-tool/water-pollution-search_CO0035394,TSS,30.992557145992084,,,
https://echo.epa.gov/trends/loading-tool/water-pollution-search_GA0050259,TSS,30.477996030369738,,,
https://echo.epa.gov/trends/loading-tool/water-pollution-search_TN0001732,TSS,30.20483026692272,,,
https://echo.epa.gov/trends/loading-tool/water-pollution-search_CO0041467,TSS,29.597012120757757,,,
https://echo.epa.gov/trends/loading-tool/water-pollution-search_NV0022268,TSS,29.086862887277057,,,
https://echo.epa.gov/trends/loading-tool/water-pollution-search_CO0022756,TSS,28.1679625511005,,,
https://echo.epa.gov/trends/loading-tool/water-pollution-search_GA0050250,TSS,27.09935611128937,,,
https://echo.epa.gov/trends/loading-tool/water-pollution-search_ID0025429,TSS,26.98343263351098,,,
https://echo.epa.gov/trends/loading-tool/water-pollution-search_CO0038334,TSS,25.729011424580253,,,
https://echo.epa.gov/trends/loading-tool/water-pollution-search_TN0001759,TSS,24.970196886763922,,,
https://echo.epa.gov/trends/loading-tool/water-pollution-search_NM0022306,TSS,24.68638609516369,,,
https://echo.epa.gov/trends/loading-tool/water-pollution-search_MT0026808,TSS,18.782675112321687,,,
https://echo.epa.gov/trends/loading-tool/water-pollution-search_AK0038652,TSS,17.51495911516553,,,
https://echo.epa.gov/trends/loading-tool/water-pollution-search_SD0026905,TSS,16.732543204400702,,,
https://echo.epa.gov/trends/loading-tool/water-pollution-search_SC0041378,TSS,10.6303357543619,,,
https://echo.epa.gov/trends/loading-tool/water-pollution-search_MO0001856,TSS,10.500640570405261,,,
https://echo.epa.gov/trends/loading-tool/water-pollution-search_TN0057029,TSS,8.50098367973484,,,
https://echo.epa.gov/trends/loading-tool/water-pollution-search_ID0026468,TSS,7.43259394901059,,,
https://echo.epa.gov/trends/loading-tool/water-pollution-search_CO0001244,TSS,4.379333280761925,,,
https://echo.epa.gov/trends/loading-tool/water-pollution-search_TN0064289,TSS,4.143902085254959,,,
https://echo.epa.gov/trends/loading-tool/water-pollution-search_MO0002003,TSS,2.0503576342934875,,,
https://echo.epa.gov/trends/loading-tool/water-pollution-search_MI0006114,TOC,40.24852222677687,,,
https://echo.epa.gov/trends/loading-tool/water-pollution-search_CA0085332,TOC,2.0963131229464307,,,
https://echo.epa.gov/trends/loading-tool/water-pollution-search_ID0026468,TOC,1.6254759808484396,,,
https://echo.epa.gov/trends/loading-tool/water-pollution-search_MO0001121,Tl,0.05390175868490651,,,
https://echo.epa.gov/trends/loading-tool/water-pollution-search_MO0000574,Tl,0.006014265199153965,,,
https://echo.epa.gov/trends/loading-tool/water-pollution-search_SC0040479,Tl,0.005932724640581355,,,
https://echo.epa.gov/trends/loading-tool/water-pollution-search_NV0022268,Tl,0.0033868528920462395,,,
https://echo.epa.gov/trends/loading-tool/water-pollution-search_CO0048119,TDS,437718.3649198709,,,
https://echo.epa.gov/trends/loading-tool/water-pollution-search_UT0000051,TDS,306424.1421304566,,,
https://echo.epa.gov/trends/loading-tool/water-pollution-search_CO0046931,TDS,74123.38600075385,,,
https://echo.epa.gov/trends/loading-tool/water-pollution-search_SD0025933,TDS,48939.346567575376,,,
https://echo.epa.gov/trends/loading-tool/water-pollution-search_AR0000582,TDS,32687.60505945081,,,
https://echo.epa.gov/trends/loading-tool/water-pollution-search_SD0026883,TDS,24739.544160418496,,,
https://echo.epa.gov/trends/loading-tool/water-pollution-search_NY0001791,TDS,17427.410015681093,,,
https://echo.epa.gov/trends/loading-tool/water-pollution-search_MI0038369,TDS,15413.646352416943,,,
https://echo.epa.gov/trends/loading-tool/water-pollution-search_COR040284,TDS,12908.709421854996,,,
https://echo.epa.gov/trends/loading-tool/water-pollution-search_SD0025852,TDS,12484.146452018798,,,
https://echo.epa.gov/trends/loading-tool/water-pollution-search_AK0049514,TDS,9333.578534254415,,,
https://echo.epa.gov/trends/loading-tool/water-pollution-search_AZ0024350,TDS,8833.3409405367,,,
https://echo.epa.gov/trends/loading-tool/water-pollution-search_SD0026905,TDS,7413.139918205937,,,
https://echo.epa.gov/trends/loading-tool/water-pollution-search_CO0022756,TDS,7222.422781008284,,,
https://echo.epa.gov/trends/loading-tool/water-pollution-search_AK0050571,TDS,6250.751168200237,,,
https://echo.epa.gov/trends/loading-tool/water-pollution-search_MI0000094,TDS,6225.5047765667205,,,
https://echo.epa.gov/trends/loading-tool/water-pollution-search_CO0037206,TDS,5717.079183420279,,,
https://echo.epa.gov/trends/loading-tool/water-pollution-search_CO0035394,TDS,5539.777509365892,,,
https://echo.epa.gov/trends/loading-tool/water-pollution-search_CO0000248,TDS,4905.720321272348,,,
https://echo.epa.gov/trends/loading-tool/water-pollution-search_ID0028321,TDS,3944.8967604493077,,,
https://echo.epa.gov/trends/loading-tool/water-pollution-search_CO0000003,TDS,3931.891825013654,,,
https://echo.epa.gov/trends/loading-tool/water-pollution-search_NV0022268,TDS,3668.190977370104,,,
https://echo.epa.gov/trends/loading-tool/water-pollution-search_MI0006114,TDS,3477.6458078741534,,,
https://echo.epa.gov/trends/loading-tool/water-pollution-search_MN0031879,TDS,2930.0221374687885,,,
https://echo.epa.gov/trends/loading-tool/water-pollution-search_CO0048952,TDS,2380.965227679026,,,
https://echo.epa.gov/trends/loading-tool/water-pollution-search_CO0001244,TDS,1035.07768690314,,,
https://echo.epa.gov/trends/loading-tool/water-pollution-search_AK0053341,TDS,479.223584082066,,,
https://echo.epa.gov/trends/loading-tool/water-pollution-search_AZ0020401,TDS,261.92257898184465,,,
https://echo.epa.gov/trends/loading-tool/water-pollution-search_MI0058649,TDS,237.91647251322635,,,
https://echo.epa.gov/trends/loading-tool/water-pollution-search_SC0040479,S,4.92663562346684,,,
https://echo.epa.gov/trends/loading-tool/water-pollution-search_CO0048119,SO4,30476.41096080541,,,
https://echo.epa.gov/trends/loading-tool/water-pollution-search_AR0000582,SO4,15356.914046583881,,,
https://echo.epa.gov/trends/loading-tool/water-pollution-search_CO0038954,SO4,14720.424850659236,,,
https://echo.epa.gov/trends/loading-tool/water-pollution-search_CO0024562,SO4,13777.542490545924,,,
https://echo.epa.gov/trends/loading-tool/water-pollution-search_MN0046981,SO4,13317.426127822553,,,
https://echo.epa.gov/trends/loading-tool/water-pollution-search_MI0058649,SO4,11906.777026244003,,,
https://echo.epa.gov/trends/loading-tool/water-pollution-search_NY0001791,SO4,11597.900874472205,,,
https://echo.epa.gov/trends/loading-tool/water-pollution-search_MO0098752,SO4,11055.254549290608,,,
https://echo.epa.gov/trends/loading-tool/water-pollution-search_MO0002003,SO4,9019.487870134413,,,
https://echo.epa.gov/trends/loading-tool/water-pollution-search_SD0026883,SO4,8790.83348603887,,,
https://echo.epa.gov/trends/loading-tool/water-pollution-search_COR040284,SO4,8186.777365281083,,,
https://echo.epa.gov/trends/loading-tool/water-pollution-search_MO0000574,SO4,5860.210472347743,,,
https://echo.epa.gov/trends/loading-tool/water-pollution-search_MO0001121,SO4,5203.707705914561,,,
https://echo.epa.gov/trends/loading-tool/water-pollution-search_MO0001848,SO4,4858.739304300163,,,
https://echo.epa.gov/trends/loading-tool/water-pollution-search_MN0055948,SO4,3956.071814592561,,,
https://echo.epa.gov/trends/loading-tool/water-pollution-search_MN0031879,SO4,3304.9028600621327,,,
https://echo.epa.gov/trends/loading-tool/water-pollution-search_AK0050571,SO4,1522.35083353695,,,
https://echo.epa.gov/trends/loading-tool/water-pollution-search_CO0038334,SO4,1155.1146071773187,,,
https://echo.epa.gov/trends/loading-tool/water-pollution-search_NV0022268,SO4,940.6454711768916,,,
https://echo.epa.gov/trends/loading-tool/water-pollution-search_MI0038369,SO4,924.3735756541555,,,
https://echo.epa.gov/trends/loading-tool/water-pollution-search_MT0030279,SO4,596.8863163549154,,,
https://echo.epa.gov/trends/loading-tool/water-pollution-search_ID0028321,SO4,382.2300028570193,,,
https://echo.epa.gov/trends/loading-tool/water-pollution-search_MI0000094,SO4,312.56475155626345,,,
https://echo.epa.gov/trends/loading-tool/water-pollution-search_AK0053341,SO4,202.9408643692178,,,
https://echo.epa.gov/trends/loading-tool/water-pollution-search_MN0055301,SO4,196.89472128804795,,,
https://echo.epa.gov/trends/loading-tool/water-pollution-search_CO0001244,SO4,44.9980828611123,,,
https://echo.epa.gov/trends/loading-tool/water-pollution-search_MI0058649,Sr,3.019824411941506,,,
https://echo.epa.gov/trends/loading-tool/water-pollution-search_CO0048119,Na,4893.745693456065,,,
https://echo.epa.gov/trends/loading-tool/water-pollution-search_CO0024562,Na,948.8367571632299,,,
https://echo.epa.gov/trends/loading-tool/water-pollution-search_SD0026883,Na,762.9758425618813,,,
https://echo.epa.gov/trends/loading-tool/water-pollution-search_NV0022268,Na,494.7980399264655,,,
https://echo.epa.gov/trends/loading-tool/water-pollution-search_MN0055301,Na,284.3748111596,,,
https://echo.epa.gov/trends/loading-tool/water-pollution-search_IDG910007,Ag,0.016647836917796338,,,
https://echo.epa.gov/trends/loading-tool/water-pollution-search_MI0006114,Ag,0.0050058770674853035,,,
https://echo.epa.gov/trends/loading-tool/water-pollution-search_CO0046931,Ag,0.003417250724013254,,,
https://echo.epa.gov/trends/loading-tool/water-pollution-search_CO0038954,Ag,0.0008533345127728688,,,
https://echo.epa.gov/trends/loading-tool/water-pollution-search_MO0000574,Ag,5.693893980810057e-05,,,
https://echo.epa.gov/trends/loading-tool/water-pollution-search_TN0029157,Se,0.847862985998927,,,
https://echo.epa.gov/trends/loading-tool/water-pollution-search_UT0000051,Se,0.5630289000195519,,,
https://echo.epa.gov/trends/loading-tool/water-pollution-search_AR0000582,Se,0.18811410058363984,,,
https://echo.epa.gov/trends/loading-tool/water-pollution-search_AK0049514,Se,0.09730752088307607,,,
https://echo.epa.gov/trends/loading-tool/water-pollution-search_GA0050247,Se,0.057773723994832694,,,
https://echo.epa.gov/trends/loading-tool/water-pollution-search_NV0022268,Se,0.04630462938248213,,,
https://echo.epa.gov/trends/loading-tool/water-pollution-search_AK0038652,Se,0.044415841125742345,,,
https://echo.epa.gov/trends/loading-tool/water-pollution-search_SD0025933,Se,0.022853610545662203,,,
https://echo.epa.gov/trends/loading-tool/water-pollution-search_CO0048952,Se,0.021043324864199263,,,
https://echo.epa.gov/trends/loading-tool/water-pollution-search_IDG910007,Se,0.021004421780074983,,,
https://echo.epa.gov/trends/loading-tool/water-pollution-search_SD0026905,Se,0.01837329980963244,,,
https://echo.epa.gov/trends/loading-tool/water-pollution-search_SD0026883,Se,0.017546038606466145,,,
https://echo.epa.gov/trends/loading-tool/water-pollution-search_MO0001121,Se,0.014329435211686961,,,
https://echo.epa.gov/trends/loading-tool/water-pollution-search_CO0046931,Se,0.013604505163445326,,,
https://echo.epa.gov/trends/loading-tool/water-pollution-search_CO0043168,Se,0.010749262003715537,,,
https://echo.epa.gov/trends/loading-tool/water-pollution-search_ID0028321,Se,0.008004225042798288,,,
https://echo.epa.gov/trends/loading-tool/water-pollution-search_CO0038334,Se,0.006285414569261107,,,
https://echo.epa.gov/trends/loading-tool/water-pollution-search_MO0000574,Se,0.006014265199153965,,,
https://echo.epa.gov/trends/loading-tool/water-pollution-search_MN0055948,Se,0.003378878564398981,,,
https://echo.epa.gov/trends/loading-tool/water-pollution-search_CO0000248,Se,0.0028188119422167483,,,
https://echo.epa.gov/trends/loading-tool/water-pollution-search_AK0050571,Se,0.0012131979302116229,,,
https://echo.epa.gov/trends/loading-tool/water-pollution-search_AK0053341,Se,0.0008682770423930914,,,
https://echo.epa.gov/trends/loading-tool/water-pollution-search_MI0038369,Se,0.0006035571418518452,,,
https://echo.epa.gov/trends/loading-tool/water-pollution-search_AZ0000035,Se,0.00036531318883551263,,,
https://echo.epa.gov/trends/loading-tool/water-pollution-search_NV0022268,K,153.46677167469537,,,
https://echo.epa.gov/trends/loading-tool/water-pollution-search_MN0055301,K,30.332887737962963,,,
https://echo.epa.gov/trends/loading-tool/water-pollution-search_MT0026808,P,51.637149143862175,,,
https://echo.epa.gov/trends/loading-tool/water-pollution-search_FL0435490,P,8.768691703717547,,,
https://echo.epa.gov/trends/loading-tool/water-pollution-search_GA0050250,P,0.8791556680969523,,,
https://echo.epa.gov/trends/loading-tool/water-pollution-search_MN0046981,P,0.6043712544908943,,,
https://echo.epa.gov/trends/loading-tool/water-pollution-search_GA0050259,P,0.5563246261351392,,,
https://echo.epa.gov/trends/loading-tool/water-pollution-search_MT0024716,P,0.48684021489942647,,,
https://echo.epa.gov/trends/loading-tool/water-pollution-search_SD0025852,P,0.23629679522833283,,,
https://echo.epa.gov/trends/loading-tool/water-pollution-search_NV0022268,P,0.1497672093065586,,,
https://echo.epa.gov/trends/loading-tool/water-pollution-search_MI0058649,P,0.008013226046798357,,,
https://echo.epa.gov/trends/loading-tool/water-pollution-search_MI0038369,P,0.004595463192296688,,,
https://echo.epa.gov/trends/loading-tool/water-pollution-search_GA0050247,PO4,0.07996775885560561,,,
https://echo.epa.gov/trends/loading-tool/water-pollution-search_MO0000574,O&G,71.76230472774715,,,
https://echo.epa.gov/trends/loading-tool/water-pollution-search_MO0000086,O&G,17.692915761742974,,,
https://echo.epa.gov/trends/loading-tool/water-pollution-search_GA0050250,O&G,15.843271675934787,,,
https://echo.epa.gov/trends/loading-tool/water-pollution-search_MT0026808,N,124.03397144320648,,,
https://echo.epa.gov/trends/loading-tool/water-pollution-search_MT0024716,N,101.17275101001273,,,
https://echo.epa.gov/trends/loading-tool/water-pollution-search_MO0000086,N,7.263867539929917,,,
https://echo.epa.gov/trends/loading-tool/water-pollution-search_SD0025852,NO3,132.19134873439384,,,
https://echo.epa.gov/trends/loading-tool/water-pollution-search_AK0050571,NO3,67.87295424421403,,,
https://echo.epa.gov/trends/loading-tool/water-pollution-search_SD0026883,NO3,32.82958019491587,,,
https://echo.epa.gov/trends/loading-tool/water-pollution-search_SD0000043,NO3,24.441833178359296,,,
https://echo.epa.gov/trends/loading-tool/water-pollution-search_SD0025933,NO3,14.91056674898651,,,
https://echo.epa.gov/trends/loading-tool/water-pollution-search_AK0053341,NO3,0.23719886236079346,,,
https://echo.epa.gov/trends/loading-tool/water-pollution-search_MO0098752,Ni,29.164482997753137,,,
https://echo.epa.gov/trends/loading-tool/water-pollution-search_CO0046931,Ni,0.8011467693797084,,,
https://echo.epa.gov/trends/loading-tool/water-pollution-search_MO0002003,Ni,0.7973185812008294,,,
https://echo.epa.gov/trends/loading-tool/water-pollution-search_CA0081809,Ni,0.7325644466659051,,,
https://echo.epa.gov/trends/loading-tool/water-pollution-search_SD0026883,Ni,0.7049354784266575,,,
https://echo.epa.gov/trends/loading-tool/water-pollution-search_MO0100218,Ni,0.6618884009260362,,,
https://echo.epa.gov/trends/loading-tool/water-pollution-search_FL0000051,Ni,0.5253177750681767,,,
https://echo.epa.gov/trends/loading-tool/water-pollution-search_CA0085332,Ni,0.35439150065656666,,,
https://echo.epa.gov/trends/loading-tool/water-pollution-search_MT0026808,Ni,0.3426173251318709,,,
https://echo.epa.gov/trends/loading-tool/water-pollution-search_IDG910007,Ni,0.10441638511696828,,,
https://echo.epa.gov/trends/loading-tool/water-pollution-search_CO0000248,Ni,0.10207207683414879,,,
https://echo.epa.gov/trends/loading-tool/water-pollution-search_MN0046981,Ni,0.08503432025085554,,,
https://echo.epa.gov/trends/loading-tool/water-pollution-search_MT0024716,Ni,0.08252069114100827,,,
https://echo.epa.gov/trends/loading-tool/water-pollution-search_MO0001856,Ni,0.07481467170580473,,,
https://echo.epa.gov/trends/loading-tool/water-pollution-search_ID0027022,Ni,0.05802531735067025,,,
https://echo.epa.gov/trends/loading-tool/water-pollution-search_SD0000043,Ni,0.0377217822665421,,,
https://echo.epa.gov/trends/loading-tool/water-pollution-search_MO0000574,Ni,0.022105516134369133,,,
https://echo.epa.gov/trends/loading-tool/water-pollution-search_CO0024562,Ni,0.017394913974690274,,,
https://echo.epa.gov/trends/loading-tool/water-pollution-search_CO0038334,Ni,0.014310437940927845,,,
https://echo.epa.gov/trends/loading-tool/water-pollution-search_AK0050571,Ni,0.012263173121974183,,,
https://echo.epa.gov/trends/loading-tool/water-pollution-search_OR0033812,Ni,0.009833407404923958,,,
https://echo.epa.gov/trends/loading-tool/water-pollution-search_MI0058649,Ni,0.004327461081510524,,,
https://echo.epa.gov/trends/loading-tool/water-pollution-search_SD0026905,Ni,0.0010264630764866463,,,
https://echo.epa.gov/trends/loading-tool/water-pollution-search_NM0022306,Mo,12.313469431763307,,,
https://echo.epa.gov/trends/loading-tool/water-pollution-search_CO0000248,Mo,6.9725659325700855,,,
https://echo.epa.gov/trends/loading-tool/water-pollution-search_ID0025402,Mo,3.4411217650056662,,,
https://echo.epa.gov/trends/loading-tool/water-pollution-search_CO0041467,Mo,0.9609889806915454,,,
https://echo.epa.gov/trends/loading-tool/water-pollution-search_CO0045675,Mo,0.33008024519640194,,,
https://echo.epa.gov/trends/loading-tool/water-pollution-search_CO0024562,Mo,0.22417291314702434,,,
https://echo.epa.gov/trends/loading-tool/water-pollution-search_MN0055301,Mo,0.16079918723772108,,,
https://echo.epa.gov/trends/loading-tool/water-pollution-search_CO0038334,Mo,0.040344062479118876,,,
https://echo.epa.gov/trends/loading-tool/water-pollution-search_CO0038954,Mo,0.03102414159731694,,,
https://echo.epa.gov/trends/loading-tool/water-pollution-search_CO0046931,Mo,0.018977608178283898,,,
https://echo.epa.gov/trends/loading-tool/water-pollution-search_COR040284,Mo,0.008787507694955543,,,
https://echo.epa.gov/trends/loading-tool/water-pollution-search_UT0000051,Hg,0.011221556245330293,,,
https://echo.epa.gov/trends/loading-tool/water-pollution-search_ID0000167,Hg,0.0017146324944962029,,,
https://echo.epa.gov/trends/loading-tool/water-pollution-search_CO0046931,Hg,0.0015050996420328565,,,
https://echo.epa.gov/trends/loading-tool/water-pollution-search_AK0043206,Hg,0.0013882979892909154,,,
https://echo.epa.gov/trends/loading-tool/water-pollution-search_CA0085332,Hg,0.0003988075477065919,,,
https://echo.epa.gov/trends/loading-tool/water-pollution-search_IDG910007,Hg,0.00031713953101066727,,,
https://echo.epa.gov/trends/loading-tool/water-pollution-search_CA0081809,Hg,0.00016815109936978566,,,
https://echo.epa.gov/trends/loading-tool/water-pollution-search_AZ0020401,Hg,0.00012135862938031668,,,
https://echo.epa.gov/trends/loading-tool/water-pollution-search_MT0030279,Hg,0.0001082203300781815,,,
https://echo.epa.gov/trends/loading-tool/water-pollution-search_CO0037206,Hg,8.795144986499234e-05,,,
https://echo.epa.gov/trends/loading-tool/water-pollution-search_CO0041467,Hg,8.747326370754088e-05,,,
https://echo.epa.gov/trends/loading-tool/water-pollution-search_GA0050250,Hg,8.480748401057458e-05,,,
https://echo.epa.gov/trends/loading-tool/water-pollution-search_CO0048119,Hg,7.398626154441459e-05,,,
https://echo.epa.gov/trends/loading-tool/water-pollution-search_CO0043648,Hg,7.339447826822253e-05,,,
https://echo.epa.gov/trends/loading-tool/water-pollution-search_CO0043168,Hg,5.9253212318112246e-05,,,
https://echo.epa.gov/trends/loading-tool/water-pollution-search_CO0048952,Hg,5.426460699063151e-05,,,
https://echo.epa.gov/trends/loading-tool/water-pollution-search_CO0046931,Mn,2017.4986714785312,,,
https://echo.epa.gov/trends/loading-tool/water-pollution-search_CO0038954,Mn,36.74862397965302,,,
https://echo.epa.gov/trends/loading-tool/water-pollution-search_CO0024562,Mn,13.400578218918637,,,
https://echo.epa.gov/trends/loading-tool/water-pollution-search_CA0085332,Mn,4.104654206247798,,,
https://echo.epa.gov/trends/loading-tool/water-pollution-search_COR040284,Mn,3.672729841565896,,,
https://echo.epa.gov/trends/loading-tool/water-pollution-search_CO0043168,Mn,3.169605867141846,,,
https://echo.epa.gov/trends/loading-tool/water-pollution-search_WA0025721,Mn,2.618244859120985,,,
https://echo.epa.gov/trends/loading-tool/water-pollution-search_CO0000003,Mn,1.972496787597048,,,
https://echo.epa.gov/trends/loading-tool/water-pollution-search_NM0022306,Mn,1.662316433766388,,,
https://echo.epa.gov/trends/loading-tool/water-pollution-search_CO0048119,Mn,1.355427901356065,,,
https://echo.epa.gov/trends/loading-tool/water-pollution-search_CO0041467,Mn,1.281367842221496,,,
https://echo.epa.gov/trends/loading-tool/water-pollution-search_NY0001791,Mn,1.0204891547712196,,,
https://echo.epa.gov/trends/loading-tool/water-pollution-search_CO0000248,Mn,0.9455268810317611,,,
https://echo.epa.gov/trends/loading-tool/water-pollution-search_AK0053341,Mn,0.382695387053646,,,
https://echo.epa.gov/trends/loading-tool/water-pollution-search_CO0037206,Mn,0.3492127510399315,,,
https://echo.epa.gov/trends/loading-tool/water-pollution-search_AK0050571,Mn,0.2933101017215999,,,
https://echo.epa.gov/trends/loading-tool/water-pollution-search_ID0000060,Mn,0.2199865177650769,,,
https://echo.epa.gov/trends/loading-tool/water-pollution-search_CO0035394,Mn,0.1499435422694988,,,
https://echo.epa.gov/trends/loading-tool/water-pollution-search_CO0038334,Mn,0.13078237749112798,,,
https://echo.epa.gov/trends/loading-tool/water-pollution-search_ID0028321,Mn,0.115418754878837,,,
https://echo.epa.gov/trends/loading-tool/water-pollution-search_MI0058649,Mn,0.07069034628586601,,,
https://echo.epa.gov/trends/loading-tool/water-pollution-search_AZ0024350,Mn,0.008574276366343383,,,
https://echo.epa.gov/trends/loading-tool/water-pollution-search_OR0033812,Mn,0.0043535277190780205,,,
https://echo.epa.gov/trends/loading-tool/water-pollution-search_CO0048119,Mg,1166.0231031323199,,,
https://echo.epa.gov/trends/loading-tool/water-pollution-search_NV0022268,Mg,279.15076573632894,,,
https://echo.epa.gov/trends/loading-tool/water-pollution-search_CO0024562,Mg,189.0535279772492,,,
https://echo.epa.gov/trends/loading-tool/water-pollution-search_MTR000761,Mg,110.0,,,
https://echo.epa.gov/trends/loading-tool/water-pollution-search_MTR000761,Mg,92.0,,,
https://echo.epa.gov/trends/loading-tool/water-pollution-search_MN0055301,Mg,36.74570348715199,,,
https://echo.epa.gov/trends/loading-tool/water-pollution-search_MTR000761,Mg,3.7,,,
https://echo.epa.gov/trends/loading-tool/water-pollution-search_TN0029157,Pb,16.011253105568017,,,
https://echo.epa.gov/trends/loading-tool/water-pollution-search_CO0000003,Pb,0.575958817824011,,,
https://echo.epa.gov/trends/loading-tool/water-pollution-search_ID0000027,Pb,0.3680626774694581,,,
https://echo.epa.gov/trends/loading-tool/water-pollution-search_ID0000167,Pb,0.34785896943833533,,,
https://echo.epa.gov/trends/loading-tool/water-pollution-search_ID0000175,Pb,0.34415387438750944,,,
https://echo.epa.gov/trends/loading-tool/water-pollution-search_AK0043206,Pb,0.24826819357161278,,,
https://echo.epa.gov/trends/loading-tool/water-pollution-search_MO0001856,Pb,0.22219954982808338,,,
https://echo.epa.gov/trends/loading-tool/water-pollution-search_MO0098752,Pb,0.11732308022600021,,,
https://echo.epa.gov/trends/loading-tool/water-pollution-search_CA0085332,Pb,0.11213165961995225,,,
https://echo.epa.gov/trends/loading-tool/water-pollution-search_COR040284,Pb,0.10789995057218561,,,
https://echo.epa.gov/trends/loading-tool/water-pollution-search_MO0002003,Pb,0.08467557099583163,,,
https://echo.epa.gov/trends/loading-tool/water-pollution-search_PA0255815,Pb,0.08199660831058284,,,
https://echo.epa.gov/trends/loading-tool/water-pollution-search_MO0001121,Pb,0.0687228445646567,,,
https://echo.epa.gov/trends/loading-tool/water-pollution-search_SD0025852,Pb,0.06430154896445857,,,
https://echo.epa.gov/trends/loading-tool/water-pollution-search_MO0001881,Pb,0.05658024417161734,,,
https://echo.epa.gov/trends/loading-tool/water-pollution-search_MT0026808,Pb,0.04972626080136904,,,
https://echo.epa.gov/trends/loading-tool/water-pollution-search_MO0100218,Pb,0.04507956823280454,,,
https://echo.epa.gov/trends/loading-tool/water-pollution-search_IDR053038,Pb,0.039399117546568094,,,
https://echo.epa.gov/trends/loading-tool/water-pollution-search_CO0046931,Pb,0.03594902702527123,,,
https://echo.epa.gov/trends/loading-tool/water-pollution-search_MO0133221,Pb,0.03493718246285424,,,
https://echo.epa.gov/trends/loading-tool/water-pollution-search_MO0000086,Pb,0.02340586446092642,,,
https://echo.epa.gov/trends/loading-tool/water-pollution-search_MO0001848,Pb,0.02317790324862321,,,
https://echo.epa.gov/trends/loading-tool/water-pollution-search_CO0048952,Pb,0.022713063746316497,,,
https://echo.epa.gov/trends/loading-tool/water-pollution-search_CO0032751,Pb,0.011062409282053863,,,
https://echo.epa.gov/trends/loading-tool/water-pollution-search_CO0035394,Pb,0.009518185945362566,,,
https://echo.epa.gov/trends/loading-tool/water-pollution-search_MO0001872,Pb,0.00951651753486197,,,
https://echo.epa.gov/trends/loading-tool/water-pollution-search_CO0024562,Pb,0.009391486100433558,,,
https://echo.epa.gov/trends/loading-tool/water-pollution-search_TN0027677,Pb,0.007603864713754233,,,
https://echo.epa.gov/trends/loading-tool/water-pollution-search_TN0004227,Pb,0.006151312668738117,,,
https://echo.epa.gov/trends/loading-tool/water-pollution-search_MO0000574,Pb,0.006023363689244697,,,
https://echo.epa.gov/trends/loading-tool/water-pollution-search_SD0026905,Pb,0.005747869772688273,,,
https://echo.epa.gov/trends/loading-tool/water-pollution-search_ID0025429,Pb,0.005299034925504074,,,
https://echo.epa.gov/trends/loading-tool/water-pollution-search_AK0049514,Pb,0.005163256209693699,,,
https://echo.epa.gov/trends/loading-tool/water-pollution-search_CO0038334,Pb,0.004921299642897036,,,
https://echo.epa.gov/trends/loading-tool/water-pollution-search_MT0024716,Pb,0.004671776346041087,,,
https://echo.epa.gov/trends/loading-tool/water-pollution-search_ID0025402,Pb,0.003460729079399555,,,
https://echo.epa.gov/trends/loading-tool/water-pollution-search_SD0026883,Pb,0.0021815576599788105,,,
https://echo.epa.gov/trends/loading-tool/water-pollution-search_AK0038652,Pb,0.001990541952982535,,,
https://echo.epa.gov/trends/loading-tool/water-pollution-search_CO0043168,Pb,0.00131297762629147,,,
https://echo.epa.gov/trends/loading-tool/water-pollution-search_AK0050571,Pb,0.0009278723659462163,,,
https://echo.epa.gov/trends/loading-tool/water-pollution-search_SC0040479,Pb,0.0007183658738525622,,,
https://echo.epa.gov/trends/loading-tool/water-pollution-search_SD0000043,Pb,0.0006386538778060105,,,
https://echo.epa.gov/trends/loading-tool/water-pollution-search_MN0046981,Pb,0.0002913404266966854,,,
https://echo.epa.gov/trends/loading-tool/water-pollution-search_CO0046931,Fe,3892.454713065658,,,
https://echo.epa.gov/trends/loading-tool/water-pollution-search_IDG910006,Fe,43.21434930242833,,,
https://echo.epa.gov/trends/loading-tool/water-pollution-search_CA0085332,Fe,28.43425593988323,,,
https://echo.epa.gov/trends/loading-tool/water-pollution-search_FL0435490,Fe,16.181007883439936,,,
https://echo.epa.gov/trends/loading-tool/water-pollution-search_FL0000051,Fe,15.318463547802871,,,
https://echo.epa.gov/trends/loading-tool/water-pollution-search_CO0024562,Fe,11.404049541925461,,,
https://echo.epa.gov/trends/loading-tool/water-pollution-search_MT0026808,Fe,10.950821003423238,,,
https://echo.epa.gov/trends/loading-tool/water-pollution-search_FL0040274,Fe,10.516223680451345,,,
https://echo.epa.gov/trends/loading-tool/water-pollution-search_CO0038954,Fe,9.815883243590505,,,
https://echo.epa.gov/trends/loading-tool/water-pollution-search_ID0025259,Fe,5.7053320085868435,,,
https://echo.epa.gov/trends/loading-tool/water-pollution-search_SD0026883,Fe,4.661333978421511,,,
https://echo.epa.gov/trends/loading-tool/water-pollution-search_AR0000582,Fe,4.5768100710303266,,,
https://echo.epa.gov/trends/loading-tool/water-pollution-search_COR040284,Fe,4.504037193997776,,,
https://echo.epa.gov/trends/loading-tool/water-pollution-search_CA0081809,Fe,4.388181609261154,,,
https://echo.epa.gov/trends/loading-tool/water-pollution-search_MO0001881,Fe,4.371248947405928,,,
https://echo.epa.gov/trends/loading-tool/water-pollution-search_MI0038369,Fe,3.2417797270065996,,,
https://echo.epa.gov/trends/loading-tool/water-pollution-search_FL0000035,Fe,2.890410357902326,,,
https://echo.epa.gov/trends/loading-tool/water-pollution-search_MT0024716,Fe,2.775068015780098,,,
https://echo.epa.gov/trends/loading-tool/water-pollution-search_GA0050250,Fe,1.9925636537060192,,,
https://echo.epa.gov/trends/loading-tool/water-pollution-search_AK0050571,Fe,1.9607927084680838,,,
https://echo.epa.gov/trends/loading-tool/water-pollution-search_MN0031879,Fe,1.9106658172117295,,,
https://echo.epa.gov/trends/loading-tool/water-pollution-search_VA0091456,Fe,1.7043173701094443,,,
https://echo.epa.gov/trends/loading-tool/water-pollution-search_MN0046981,Fe,1.5300950640301876,,,
https://echo.epa.gov/trends/loading-tool/water-pollution-search_MI0000094,Fe,1.5000783872796042,,,
https://echo.epa.gov/trends/loading-tool/water-pollution-search_CO0043168,Fe,1.4996563427964409,,,
https://echo.epa.gov/trends/loading-tool/water-pollution-search_MO0000574,Fe,1.3659654924287887,,,
https://echo.epa.gov/trends/loading-tool/water-pollution-search_CO0048119,Fe,1.343589450124409,,,
https://echo.epa.gov/trends/loading-tool/water-pollution-search_CO0038334,Fe,1.2843216089746956,,,
https://echo.epa.gov/trends/loading-tool/water-pollution-search_MN0055948,Fe,1.186747189657849,,,
https://echo.epa.gov/trends/loading-tool/water-pollution-search_CO0000003,Fe,1.0804635214553444,,,
https://echo.epa.gov/trends/loading-tool/water-pollution-search_IDG910007,Fe,0.8122951848356225,,,
https://echo.epa.gov/trends/loading-tool/water-pollution-search_SD0025933,Fe,0.620507717098104,,,
https://echo.epa.gov/trends/loading-tool/water-pollution-search_CO0000248,Fe,0.5770747245982839,,,
https://echo.epa.gov/trends/loading-tool/water-pollution-search_CO0037206,Fe,0.5127854997823674,,,
https://echo.epa.gov/trends/loading-tool/water-pollution-search_NY0001791,Fe,0.45519778645929226,,,
https://echo.epa.gov/trends/loading-tool/water-pollution-search_CO0035394,Fe,0.13199599347813967,,,
https://echo.epa.gov/trends/loading-tool/water-pollution-search_AK0053341,Fe,0.1111326974529601,,,
https://echo.epa.gov/trends/loading-tool/water-pollution-search_OR0033812,Fe,0.09554529359518121,,,
https://echo.epa.gov/trends/loading-tool/water-pollution-search_ID0028321,Fe,0.04941630608602345,,,
https://echo.epa.gov/trends/loading-tool/water-pollution-search_CO0045675,F,32.56975697241064,,,
https://echo.epa.gov/trends/loading-tool/water-pollution-search_CO0024562,F,19.831161228607144,,,
https://echo.epa.gov/trends/loading-tool/water-pollution-search_MN0055301,F,8.000579601160542,,,
https://echo.epa.gov/trends/loading-tool/water-pollution-search_NV0022268,F,7.964396254279748,,,
https://echo.epa.gov/trends/loading-tool/water-pollution-search_NM0022306,F,5.4701526109760925,,,
https://echo.epa.gov/trends/loading-tool/water-pollution-search_MI0000094,F,3.372606224588068,,,
https://echo.epa.gov/trends/loading-tool/water-pollution-search_UT0000051,CN,0.5667787966452069,,,
https://echo.epa.gov/trends/loading-tool/water-pollution-search_SC0040479,CN,0.07188512209919695,,,
https://echo.epa.gov/trends/loading-tool/water-pollution-search_CO0000003,CN,0.03944431187468356,,,
https://echo.epa.gov/trends/loading-tool/water-pollution-search_AK0038652,CN,0.024503068036659,,,
https://echo.epa.gov/trends/loading-tool/water-pollution-search_CO0046931,CN,0.011009122255147668,,,
https://echo.epa.gov/trends/loading-tool/water-pollution-search_AK0053341,CN,0.0032036913104556922,,,
https://echo.epa.gov/trends/loading-tool/water-pollution-search_TN0029157,Cu,6.5002779159587325,,,
https://echo.epa.gov/trends/loading-tool/water-pollution-search_ID0025259,Cu,2.1942090484267127,,,
https://echo.epa.gov/trends/loading-tool/water-pollution-search_UT0000051,Cu,1.1569169595937252,,,
https://echo.epa.gov/trends/loading-tool/water-pollution-search_PA0255815,Cu,0.6069894387534597,,,
https://echo.epa.gov/trends/loading-tool/water-pollution-search_COR040284,Cu,0.48600328427198153,,,
https://echo.epa.gov/trends/loading-tool/water-pollution-search_TN0027677,Cu,0.34148982309621645,,,
https://echo.epa.gov/trends/loading-tool/water-pollution-search_MI0006114,Cu,0.24060190475150176,,,
https://echo.epa.gov/trends/loading-tool/water-pollution-search_CO0037206,Cu,0.22249516721835955,,,
https://echo.epa.gov/trends/loading-tool/water-pollution-search_MO0098752,Cu,0.2214919986280985,,,
https://echo.epa.gov/trends/loading-tool/water-pollution-search_CO0043168,Cu,0.2190566453890718,,,
https://echo.epa.gov/trends/loading-tool/water-pollution-search_CO0035394,Cu,0.21329702390800118,,,
https://echo.epa.gov/trends/loading-tool/water-pollution-search_ID0026468,Cu,0.18625972512128158,,,
https://echo.epa.gov/trends/loading-tool/water-pollution-search_MT0026808,Cu,0.1653322545431417,,,
https://echo.epa.gov/trends/loading-tool/water-pollution-search_CA0085332,Cu,0.1241560559618367,,,
https://echo.epa.gov/trends/loading-tool/water-pollution-search_AZ0000035,Cu,0.11352738475532437,,,
https://echo.epa.gov/trends/loading-tool/water-pollution-search_TN0004227,Cu,0.10456309182994603,,,
https://echo.epa.gov/trends/loading-tool/water-pollution-search_ID0000060,Cu,0.10166043623992192,,,
https://echo.epa.gov/trends/loading-tool/water-pollution-search_AZ0020401,Cu,0.0948996227782259,,,
https://echo.epa.gov/trends/loading-tool/water-pollution-search_CO0048119,Cu,0.09470234072422658,,,
https://echo.epa.gov/trends/loading-tool/water-pollution-search_ID0000167,Cu,0.07624821587228979,,,
https://echo.epa.gov/trends/loading-tool/water-pollution-search_MN0046981,Cu,0.07489446293893647,,,
https://echo.epa.gov/trends/loading-tool/water-pollution-search_MO0100218,Cu,0.06424650394876437,,,
https://echo.epa.gov/trends/loading-tool/water-pollution-search_SD0026883,Cu,0.05227059995221626,,,
https://echo.epa.gov/trends/loading-tool/water-pollution-search_WA0025721,Cu,0.050062031329772515,,,
https://echo.epa.gov/trends/loading-tool/water-pollution-search_IDG910007,Cu,0.041932402073503086,,,
https://echo.epa.gov/trends/loading-tool/water-pollution-search_MO0001121,Cu,0.041483492807095464,,,
https://echo.epa.gov/trends/loading-tool/water-pollution-search_MT0024716,Cu,0.03992298395733925,,,
https://echo.epa.gov/trends/loading-tool/water-pollution-search_CO0046931,Cu,0.036265198706704964,,,
https://echo.epa.gov/trends/loading-tool/water-pollution-search_MO0001856,Cu,0.03469360288975358,,,
https://echo.epa.gov/trends/loading-tool/water-pollution-search_MO0000574,Cu,0.03131009035472533,,,
https://echo.epa.gov/trends/loading-tool/water-pollution-search_ID0000175,Cu,0.030643879786830842,,,
https://echo.epa.gov/trends/loading-tool/water-pollution-search_CO0000003,Cu,0.030607289580398683,,,
https://echo.epa.gov/trends/loading-tool/water-pollution-search_SC0040479,Cu,0.030456150935119976,,,
https://echo.epa.gov/trends/loading-tool/water-pollution-search_MO0000086,Cu,0.028394093090113884,,,
https://echo.epa.gov/trends/loading-tool/water-pollution-search_MO0002003,Cu,0.027684672959574653,,,
https://echo.epa.gov/trends/loading-tool/water-pollution-search_MO0133221,Cu,0.02348631623659953,,,
https://echo.epa.gov/trends/loading-tool/water-pollution-search_AK0043206,Cu,0.02250625368306217,,,
https://echo.epa.gov/trends/loading-tool/water-pollution-search_NM0022306,Cu,0.017747000035736715,,,
https://echo.epa.gov/trends/loading-tool/water-pollution-search_MO0001848,Cu,0.017219228041961313,,,
https://echo.epa.gov/trends/loading-tool/water-pollution-search_MO0001881,Cu,0.016377839501340044,,,
https://echo.epa.gov/trends/loading-tool/water-pollution-search_CA0081809,Cu,0.015041368534785196,,,
https://echo.epa.gov/trends/loading-tool/water-pollution-search_AK0053341,Cu,0.014657315997499488,,,
https://echo.epa.gov/trends/loading-tool/water-pollution-search_AK0050571,Cu,0.01306153117557899,,,
https://echo.epa.gov/trends/loading-tool/water-pollution-search_ID0028321,Cu,0.012458416088894616,,,
https://echo.epa.gov/trends/loading-tool/water-pollution-search_CO0038334,Cu,0.010852091681376934,,,
https://echo.epa.gov/trends/loading-tool/water-pollution-search_CO0032751,Cu,0.01074338755236586,,,
https://echo.epa.gov/trends/loading-tool/water-pollution-search_CO0048952,Cu,0.009748191380872748,,,
https://echo.epa.gov/trends/loading-tool/water-pollution-search_SD0000043,Cu,0.009579808167090156,,,
https://echo.epa.gov/trends/loading-tool/water-pollution-search_AK0049514,Cu,0.008936404976700129,,,
https://echo.epa.gov/trends/loading-tool/water-pollution-search_GA0050247,Cu,0.008065322182472367,,,
https://echo.epa.gov/trends/loading-tool/water-pollution-search_OR0033812,Cu,0.006782716428535088,,,
https://echo.epa.gov/trends/loading-tool/water-pollution-search_AK0038652,Cu,0.0066159075710913165,,,
https://echo.epa.gov/trends/loading-tool/water-pollution-search_CO0024562,Cu,0.0058829718974440035,,,
https://echo.epa.gov/trends/loading-tool/water-pollution-search_MN0055301,Cu,0.00579678653985916,,,
https://echo.epa.gov/trends/loading-tool/water-pollution-search_GA0050259,Cu,0.005698166535144832,,,
https://echo.epa.gov/trends/loading-tool/water-pollution-search_ID0025402,Cu,0.00466284369134927,,,
https://echo.epa.gov/trends/loading-tool/water-pollution-search_TN0001732,Cu,0.00384920018259573,,,
https://echo.epa.gov/trends/loading-tool/water-pollution-search_MI0058649,Cu,0.0005035451444815274,,,
https://echo.epa.gov/trends/loading-tool/water-pollution-search_TN0057029,Cu,6.095849183296439e-05,,,
https://echo.epa.gov/trends/loading-tool/water-pollution-search_MO0098752,Co,19.07266347147478,,,
https://echo.epa.gov/trends/loading-tool/water-pollution-search_ID0028321,Co,0.07975096188225943,,,
https://echo.epa.gov/trends/loading-tool/water-pollution-search_AZ0024350,Co,0.003074859811776808,,,
https://echo.epa.gov/trends/loading-tool/water-pollution-search_MO0000574,Cr,0.03027583005867679,,,
https://echo.epa.gov/trends/loading-tool/water-pollution-search_IDG910007,Cr,0.0053690918979203625,,,
https://echo.epa.gov/trends/loading-tool/water-pollution-search_MO0000574,Cr,5.4949664130621284e-05,,,
https://echo.epa.gov/trends/loading-tool/water-pollution-search_CA0085332,Cr,0.9511643697573309,,,
https://echo.epa.gov/trends/loading-tool/water-pollution-search_MT0024716,Cr,0.6507534163167199,,,
https://echo.epa.gov/trends/loading-tool/water-pollution-search_AZ0020401,Cr,0.20953806289848775,,,
https://echo.epa.gov/trends/loading-tool/water-pollution-search_SD0025852,Cr,0.04921159829605616,,,
https://echo.epa.gov/trends/loading-tool/water-pollution-search_CO0046931,Cr,0.010177872746443134,,,
https://echo.epa.gov/trends/loading-tool/water-pollution-search_SD0026905,Cr,0.008022216794532865,,,
https://echo.epa.gov/trends/loading-tool/water-pollution-search_OR0033812,Cr,0.005116870144062898,,,
https://echo.epa.gov/trends/loading-tool/water-pollution-search_ID0025402,Cr,0.0032619702199065542,,,
https://echo.epa.gov/trends/loading-tool/water-pollution-search_SD0026883,Cr,0.0020404261813893924,,,
https://echo.epa.gov/trends/loading-tool/water-pollution-search_MI0038369,Cl,3408.739315452981,,,
https://echo.epa.gov/trends/loading-tool/water-pollution-search_MI0058649,Cl,2201.440577526595,,,
https://echo.epa.gov/trends/loading-tool/water-pollution-search_CO0024562,Cl,1729.2188278939088,,,
https://echo.epa.gov/trends/loading-tool/water-pollution-search_MI0006114,Cl,970.5623640465923,,,
https://echo.epa.gov/trends/loading-tool/water-pollution-search_MO0001848,Cl,642.5093184503485,,,
https://echo.epa.gov/trends/loading-tool/water-pollution-search_MO0002003,Cl,600.7499785226005,,,
https://echo.epa.gov/trends/loading-tool/water-pollution-search_ID0028321,Cl,445.95257727281216,,,
https://echo.epa.gov/trends/loading-tool/water-pollution-search_AR0000582,Cl,391.5742427265295,,,
https://echo.epa.gov/trends/loading-tool/water-pollution-search_CO0046931,Cl,267.66155754434203,,,
https://echo.epa.gov/trends/loading-tool/water-pollution-search_MN0055301,Cl,263.1406984597481,,,
https://echo.epa.gov/trends/loading-tool/water-pollution-search_MO0000574,Cl,241.94157762264524,,,
https://echo.epa.gov/trends/loading-tool/water-pollution-search_MI0000094,Cl,187.50702640714772,,,
https://echo.epa.gov/trends/loading-tool/water-pollution-search_NV0022268,Cl,142.40655021399434,,,
https://echo.epa.gov/trends/loading-tool/water-pollution-search_MO0001121,Cl,125.47829546893757,,,
https://echo.epa.gov/trends/loading-tool/water-pollution-search_MO0098752,Cl,104.01868495528919,,,
https://echo.epa.gov/trends/loading-tool/water-pollution-search_CO0001244,Cl,10.368307502424964,,,
https://echo.epa.gov/trends/loading-tool/water-pollution-search_CO0048952,Cl,7.985071641673435,,,
https://echo.epa.gov/trends/loading-tool/water-pollution-search_TN0029157,Cd,22.80598218273949,,,
https://echo.epa.gov/trends/loading-tool/water-pollution-search_CO0046931,Cd,0.09550603600331427,,,
https://echo.epa.gov/trends/loading-tool/water-pollution-search_PA0255815,Cd,0.07524268125585543,,,
https://echo.epa.gov/trends/loading-tool/water-pollution-search_TN0027677,Cd,0.055383761602986505,,,
https://echo.epa.gov/trends/loading-tool/water-pollution-search_COR040284,Cd,0.05469887848635143,,,
https://echo.epa.gov/trends/loading-tool/water-pollution-search_CO0035394,Cd,0.041286604312501564,,,
https://echo.epa.gov/trends/loading-tool/water-pollution-search_ID0000167,Cd,0.03857706445204442,,,
https://echo.epa.gov/trends/loading-tool/water-pollution-search_IDG910007,Cd,0.018971434418333565,,,
https://echo.epa.gov/trends/loading-tool/water-pollution-search_UT0000051,Cd,0.015460843765289504,,,
https://echo.epa.gov/trends/loading-tool/water-pollution-search_WA0025721,Cd,0.015412771726020192,,,
https://echo.epa.gov/trends/loading-tool/water-pollution-search_MO0001121,Cd,0.013897318118030303,,,
https://echo.epa.gov/trends/loading-tool/water-pollution-search_TN0004227,Cd,0.013398499460900335,,,
https://echo.epa.gov/trends/loading-tool/water-pollution-search_AK0038652,Cd,0.007227946901554875,,,
https://echo.epa.gov/trends/loading-tool/water-pollution-search_CO0000003,Cd,0.006823171392488915,,,
https://echo.epa.gov/trends/loading-tool/water-pollution-search_CO0043168,Cd,0.005572070311536276,,,
https://echo.epa.gov/trends/loading-tool/water-pollution-search_MO0100218,Cd,0.005147709918535003,,,
https://echo.epa.gov/trends/loading-tool/water-pollution-search_CO0043648,Cd,0.005117231342562393,,,
https://echo.epa.gov/trends/loading-tool/water-pollution-search_MO0098752,Cd,0.004819801636225266,,,
https://echo.epa.gov/trends/loading-tool/water-pollution-search_SC0040479,Cd,0.0042920018373701525,,,
https://echo.epa.gov/trends/loading-tool/water-pollution-search_AK0043206,Cd,0.004246463095748374,,,
https://echo.epa.gov/trends/loading-tool/water-pollution-search_CO0038334,Cd,0.004185763042586623,,,
https://echo.epa.gov/trends/loading-tool/water-pollution-search_MO0000574,Cd,0.004005912043715432,,,
https://echo.epa.gov/trends/loading-tool/water-pollution-search_ID0025402,Cd,0.0039325753866785015,,,
https://echo.epa.gov/trends/loading-tool/water-pollution-search_TN0064289,Cd,0.003733160428557808,,,
https://echo.epa.gov/trends/loading-tool/water-pollution-search_CO0024562,Cd,0.0034647769978609446,,,
https://echo.epa.gov/trends/loading-tool/water-pollution-search_ID0000027,Cd,0.0033459532035924958,,,
https://echo.epa.gov/trends/loading-tool/water-pollution-search_ID0026468,Cd,0.0031562785179817276,,,
https://echo.epa.gov/trends/loading-tool/water-pollution-search_TN0001759,Cd,0.002040929569475603,,,
https://echo.epa.gov/trends/loading-tool/water-pollution-search_MI0006114,Cd,0.002002350827222302,,,
https://echo.epa.gov/trends/loading-tool/water-pollution-search_AK0049514,Cd,0.0019858677737670588,,,
https://echo.epa.gov/trends/loading-tool/water-pollution-search_SD0026883,Cd,0.0019016867831337205,,,
https://echo.epa.gov/trends/loading-tool/water-pollution-search_CO0000248,Cd,0.0018992608135850895,,,
https://echo.epa.gov/trends/loading-tool/water-pollution-search_MO0001848,Cd,0.0018470513640813323,,,
https://echo.epa.gov/trends/loading-tool/water-pollution-search_CO0048952,Cd,0.0017947822841570785,,,
https://echo.epa.gov/trends/loading-tool/water-pollution-search_MO0002003,Cd,0.001697993275086716,,,
https://echo.epa.gov/trends/loading-tool/water-pollution-search_ID0000175,Cd,0.001360052362744575,,,
https://echo.epa.gov/trends/loading-tool/water-pollution-search_MO0001856,Cd,0.0011189505934503527,,,
https://echo.epa.gov/trends/loading-tool/water-pollution-search_MO0000086,Cd,0.0006771799453224345,,,
https://echo.epa.gov/trends/loading-tool/water-pollution-search_CO0041467,Cd,0.00040755035623267667,,,
https://echo.epa.gov/trends/loading-tool/water-pollution-search_MO0001881,Cd,0.00032348473575293077,,,
https://echo.epa.gov/trends/loading-tool/water-pollution-search_MT0024716,Cd,0.0001548719451264041,,,
https://echo.epa.gov/trends/loading-tool/water-pollution-search_MI0058649,B,17.67493731497068,,,
https://echo.epa.gov/trends/loading-tool/water-pollution-search_CO0001244,B,1.9487570814238615,,,
https://echo.epa.gov/trends/loading-tool/water-pollution-search_CO0046931,B,0.5082087399733736,,,
https://echo.epa.gov/trends/loading-tool/water-pollution-search_CO0000248,B,0.09755099709532042,,,
https://echo.epa.gov/trends/loading-tool/water-pollution-search_CO0048119,HCO3,11318.414614066938,,,
https://echo.epa.gov/trends/loading-tool/water-pollution-search_CO0024562,HCO3,4385.342417805051,,,
https://echo.epa.gov/trends/loading-tool/water-pollution-search_MN0055301,HCO3,666.9656283449317,,,
https://echo.epa.gov/trends/loading-tool/water-pollution-search_MO0000574,Be,0.005974838408760798,,,
https://echo.epa.gov/trends/loading-tool/water-pollution-search_NV0022268,Ba,1.2184732477181954,,,
https://echo.epa.gov/trends/loading-tool/water-pollution-search_MI0058649,Ba,0.27733018779808616,,,
https://echo.epa.gov/trends/loading-tool/water-pollution-search_AK0038652,Ba,0.23522277859541627,,,
https://echo.epa.gov/trends/loading-tool/water-pollution-search_CA0081809,As,8.007900154971908,,,
https://echo.epa.gov/trends/loading-tool/water-pollution-search_IDG910006,As,6.394940939839454,,,
https://echo.epa.gov/trends/loading-tool/water-pollution-search_AR0000523,As,3.5212391357891426,,,
https://echo.epa.gov/trends/loading-tool/water-pollution-search_UT0000051,As,1.518071836115215,,,
https://echo.epa.gov/trends/loading-tool/water-pollution-search_CO0038954,As,0.9767927696363505,,,
https://echo.epa.gov/trends/loading-tool/water-pollution-search_SD0025852,As,0.7750289906203199,,,
https://echo.epa.gov/trends/loading-tool/water-pollution-search_CO0035394,As,0.5995710249075594,,,
https://echo.epa.gov/trends/loading-tool/water-pollution-search_SD0026905,As,0.1961477521095014,,,
https://echo.epa.gov/trends/loading-tool/water-pollution-search_NV0022268,As,0.18474491735658147,,,
https://echo.epa.gov/trends/loading-tool/water-pollution-search_SD0026883,As,0.14933830636887763,,,
https://echo.epa.gov/trends/loading-tool/water-pollution-search_SD0000043,As,0.1367955402784487,,,
https://echo.epa.gov/trends/loading-tool/water-pollution-search_MT0030252,As,0.11631201717373205,,,
https://echo.epa.gov/trends/loading-tool/water-pollution-search_CO0001244,As,0.100280298670503,,,
https://echo.epa.gov/trends/loading-tool/water-pollution-search_TN0029157,As,0.09325037257227825,,,
https://echo.epa.gov/trends/loading-tool/water-pollution-search_CO0046931,As,0.028104089858745848,,,
https://echo.epa.gov/trends/loading-tool/water-pollution-search_CO0000003,As,0.027956519351672388,,,
https://echo.epa.gov/trends/loading-tool/water-pollution-search_CO0024562,As,0.025142624434287462,,,
https://echo.epa.gov/trends/loading-tool/water-pollution-search_ID0028321,As,0.023823472519236766,,,
https://echo.epa.gov/trends/loading-tool/water-pollution-search_CO0048952,As,0.021467699065138734,,,
https://echo.epa.gov/trends/loading-tool/water-pollution-search_MO0002003,As,0.01790275518212547,,,
https://echo.epa.gov/trends/loading-tool/water-pollution-search_MO0098752,As,0.017858256987705663,,,
https://echo.epa.gov/trends/loading-tool/water-pollution-search_MI0000094,As,0.012589345932952637,,,
https://echo.epa.gov/trends/loading-tool/water-pollution-search_MI0006114,As,0.01001175413725241,,,
https://echo.epa.gov/trends/loading-tool/water-pollution-search_CO0043168,As,0.009664223274564262,,,
https://echo.epa.gov/trends/loading-tool/water-pollution-search_COR040284,As,0.007029696853322536,,,
https://echo.epa.gov/trends/loading-tool/water-pollution-search_AK0053341,As,0.006042416313950657,,,
https://echo.epa.gov/trends/loading-tool/water-pollution-search_MO0000574,As,0.006024374632588113,,,
https://echo.epa.gov/trends/loading-tool/water-pollution-search_MI0038369,As,0.005085620360897375,,,
https://echo.epa.gov/trends/loading-tool/water-pollution-search_CA0081809,Sb,0.34187253579259996,,,
https://echo.epa.gov/trends/loading-tool/water-pollution-search_NY0001791,Sb,0.15525549973268724,,,
https://echo.epa.gov/trends/loading-tool/water-pollution-search_MO0002003,Sb,0.04060418701028621,,,
https://echo.epa.gov/trends/loading-tool/water-pollution-search_NV0022268,Sb,0.03929278550714486,,,
https://echo.epa.gov/trends/loading-tool/water-pollution-search_MT0026808,Sb,0.030391177348648327,,,
https://echo.epa.gov/trends/loading-tool/water-pollution-search_AR0000523,NH3,1933.1329696153987,,,
https://echo.epa.gov/trends/loading-tool/water-pollution-search_MI0058649,NH3,65.11194032574551,,,
https://echo.epa.gov/trends/loading-tool/water-pollution-search_AK0050571,NH3,57.16463635149143,,,
https://echo.epa.gov/trends/loading-tool/water-pollution-search_ID0028321,NH3,52.309708308480694,,,
https://echo.epa.gov/trends/loading-tool/water-pollution-search_AK0038652,NH3,40.584655952165484,,,
https://echo.epa.gov/trends/loading-tool/water-pollution-search_MT0024716,NH3,13.826098548409831,,,
https://echo.epa.gov/trends/loading-tool/water-pollution-search_MO0002003,NH3,9.474187409059052,,,
https://echo.epa.gov/trends/loading-tool/water-pollution-search_MN0046981,NH3,1.5183971533139833,,,
https://echo.epa.gov/trends/loading-tool/water-pollution-search_MT0030279,NH3,0.6597365922466188,,,
https://echo.epa.gov/trends/loading-tool/water-pollution-search_SD0000043,NH3,0.4481084031018882,,,
https://echo.epa.gov/trends/loading-tool/water-pollution-search_SD0025933,NH3,0.1689962709519032,,,
https://echo.epa.gov/trends/loading-tool/water-pollution-search_SD0026883,NH3,0.05760077681172121,,,
https://echo.epa.gov/trends/loading-tool/water-pollution-search_GA0050250,NH3,0.03240776458642264,,,
https://echo.epa.gov/trends/loading-tool/water-pollution-search_CO0035394,Al,21.10989522905844,,,
https://echo.epa.gov/trends/loading-tool/water-pollution-search_CA0085332,Al,17.62721746353629,,,
https://echo.epa.gov/trends/loading-tool/water-pollution-search_COR040284,Al,11.597879352592948,,,
https://echo.epa.gov/trends/loading-tool/water-pollution-search_AR0000582,Al,5.7942108748143974,,,
https://echo.epa.gov/trends/loading-tool/water-pollution-search_CO0043648,Al,4.913353297516368,,,
https://echo.epa.gov/trends/loading-tool/water-pollution-search_SD0026883,Al,3.228917751744376,,,
https://echo.epa.gov/trends/loading-tool/water-pollution-search_CO0024562,Al,2.406691933742486,,,
https://echo.epa.gov/trends/loading-tool/water-pollution-search_SD0025852,Al,0.9528243922981727,,,
https://echo.epa.gov/trends/loading-tool/water-pollution-search_MT0024716,Al,0.4138965747500731,,,
https://echo.epa.gov/trends/loading-tool/water-pollution-search_AK0050571,Al,0.21234301615395648,,,
https://echo.epa.gov/trends/loading-tool/water-pollution-search_MT0026808,Al,0.10508540286645228,,,
https://echo.epa.gov/trends/loading-tool/water-pollution-search_MO0000574,Al,0.08510894219249245,,,
https://echo.epa.gov/trends/loading-tool/water-pollution-search_ID0028321,Al,0.07296425004568954,,,
https://echo.epa.gov/trends/loading-tool/water-pollution-search_AZ0024350,Al,0.00461005993643651,,,
https://nepis.epa.gov/Exe/ZyPURL.cgi?Dockey=2000WPVM.TXT P75,Zn,,106.0,,
https://nepis.epa.gov/Exe/ZyPURL.cgi?Dockey=2000WPVM.TXT P75,TSS,549.0,53.0,,
https://nepis.epa.gov/Exe/ZyPURL.cgi?Dockey=2000WPVM.TXT P75,TDS,2310.0,3950.0,,
https://nepis.epa.gov/Exe/ZyPURL.cgi?Dockey=2000WPVM.TXT P75,pH,7.0,6.7,7.64,
https://nepis.epa.gov/Exe/ZyPURL.cgi?Dockey=2000WPVM.TXT P75,Mn,,,,
https://nepis.epa.gov/Exe/ZyPURL.cgi?Dockey=2000WPVM.TXT P75,Pb,,0.18,0.02,
https://nepis.epa.gov/Exe/ZyPURL.cgi?Dockey=2000WPVM.TXT P75,Fe,12.0,,0.05,
https://nepis.epa.gov/Exe/ZyPURL.cgi?Dockey=2000WPVM.TXT P75,F,2.1,1.3,0.01,
https://nepis.epa.gov/Exe/ZyPURL.cgi?Dockey=2000WPVM.TXT P75,CN,,,,
https://nepis.epa.gov/Exe/ZyPURL.cgi?Dockey=2000WPVM.TXT P75,Cu,0.33,,,
https://nepis.epa.gov/Exe/ZyPURL.cgi?Dockey=2000WPVM.TXT P75,COD,,20.0,,
https://nepis.epa.gov/Exe/ZyPURL.cgi?Dockey=2000WPVM.TXT P75,Cd,,0.28,,
https://nepis.epa.gov/Exe/ZyPURL.cgi?Dockey=2000WPVM.TXT P75,As,0.09,0.03,0.006,
