Source,Element,Concentration (mg/L),Unnamed: 3,Unnamed: 4,Unnamed: 5,Unnamed: 6,Unnamed: 7
https://doi.org/10.1007/s10653-019-00457-6,TDS,7845.0,6970.0,,,,
https://doi.org/10.1007/s10653-019-00457-6,TDS,4657.5,4809.0,,,,
https://doi.org/10.1007/s10653-019-00457-6,TIN,1.555,1.325,,,,
https://doi.org/10.1007/s10653-019-00457-6,Ca,12.045,4.6450000000000005,,,,
https://doi.org/10.1007/s10653-019-00457-6,Mg,22.475,18.875,,,,
https://doi.org/10.1007/s10653-019-00457-6,Na,16.575,29.65,,,,
https://doi.org/10.1007/s10653-019-00457-6,K,5.865,32.735,,,,
https://doi.org/10.1007/s10653-019-00457-6,Cl,53.175,375.775,,,,
https://doi.org/10.1007/s10653-019-00457-6,Fe,0.077,0.066,,,,
https://doi.org/10.1007/s10653-019-00457-6,Cr,0.076,0.1145,,,,
https://doi.org/10.1007/s10653-019-00457-6,Zn,0.1015,0.058499999999999996,,,,
https://doi.org/10.1007/s10653-019-00457-6,Mn,0.4165,0.028499999999999998,,,,
https://doi.org/10.1007/s10653-019-00457-6,Pb,0.11299999999999999,0.1995,,,,
https://doi.org/10.1007/s10653-019-00457-6,pH,8.27,7.39,,,,
https://doi.org/10.1007/s10653-019-00457-6,pH,8.6,8.53,,,,
https://doi.org/10.1007/s10653-019-00457-6,TDS,1470.0,2648.0,,,,
https://doi.org/10.1016/j.enmm.2020.100422,COD,430.0,745.0,,,,
https://doi.org/10.1016/j.enmm.2020.100422,Cl,104.0,24.0,,,,
https://doi.org/10.1016/j.enmm.2020.100422,Fe,7.25,4.61,,,,
https://doi.org/10.1016/j.enmm.2020.100422,Cu,0.65,0.13,,,,
https://doi.org/10.1016/j.enmm.2020.100422,Cr,1.999,0.519,,,,
https://doi.org/10.1016/j.enmm.2020.100422,Zn,2.5,0.31,,,,
https://doi.org/10.1016/j.enmm.2020.100422,Mn,2.12,0.27,,,,
https://doi.org/10.1016/j.enmm.2020.100422,Cd,0.09,0.05,,,,
https://doi.org/10.1016/j.enmm.2020.100422,Pb,0.027,0.013,,,,
https://doi.org/10.1016/j.enmm.2020.100422,TDS,764.6360000000001,1324.9019999999998,,,,
https://doi.org/10.1016/j.heliyon.2021.e08680,Cr,0.04,0.04,0.04,0.04,0.03,0.2
https://doi.org/10.1016/j.heliyon.2021.e08680,Zn,3.18,5.04,0.64,1.54,0.54,0.4
https://doi.org/10.1016/j.heliyon.2021.e08680,Al,5.04,3.55,1.28,78.18,0.54,0.95
https://doi.org/10.1016/j.heliyon.2021.e08680,Fe,7.58,6.05,2.02,5.26,2.95,18.9
https://doi.org/10.1016/j.heliyon.2021.e08680,pH,12.95,8.79,6.02,4.54,6.36,5.75
https://doi.org/10.1016/j.heliyon.2021.e08680,Ca,18.45,14.8,7.26,9.74,5.72,3.24
https://doi.org/10.1016/j.heliyon.2021.e08680,TIN,68.75,48.08,16.8,21.38,3.2,4.75
https://doi.org/10.1016/j.heliyon.2021.e08680,SO4,355.75,115.38,30.14,1190.7,90.25,10.42
https://doi.org/10.1016/j.heliyon.2021.e08680,Na,20727.0,9510.0,285.66,14056.0,315.2,245.28
https://doi.org/10.1016/j.heliyon.2021.e08680,Cl,23280.0,12516.0,751.0,20490.0,795.88,643.3
https://doi.org/10.1016/j.heliyon.2021.e08680,TDS,28500.0,17533.0,4996.7,26166.0,4123.3,3576.7
"Chowdhury, M.",Pb,0.01,,,,,
"Chowdhury, M.",Cr,0.055999999999999994,,,,,
"Chowdhury, M.",Zn,0.399,,,,,
"Chowdhury, M.",Cu,0.95,,,,,
"Chowdhury, M.",pH,7.87,,,,,
"Chowdhury, M.",pH,8.07,,,,,
"Chowdhury, M.",Fe,14.43,,,,,
"Chowdhury, M.",Ca,180.35500000000002,,,,,
"Chowdhury, M.",K,543.93,,,,,
"Chowdhury, M.",TDS,662.0,,,,,
"Chowdhury, M.",COD,1433.0,,,,,
"Chowdhury, M.",TDS,4650.0,,,,,
https://doi.org/10.12691/ajcea-1-2-3,COD,5760.0,,,,,
https://doi.org/10.12691/ajcea-1-2-3,pH,8.6,,,,,
https://doi.org/10.12691/ajcea-1-2-3,TDS,16600.0,,,,,
https://www.researchgate.net/publication/322020825,Fe,3.8,,,,,
https://www.researchgate.net/publication/322020825,Cd,4.3,,,,,
https://www.researchgate.net/publication/322020825,pH,8.15,,,,,
https://www.researchgate.net/publication/322020825,TIN,20.0,,,,,
https://www.researchgate.net/publication/322020825,Cl,3106.0,,,,,
https://www.researchgate.net/publication/322020825,TDS,8906.0,,,,,
https://www.researchgate.net/publication/322020825,COD,10897.0,,,,,
https://citeseerx.ist.psu.edu/document?repid=rep1&type=pdf&doi=3ce3798605c540624497ee857ed9d7332040fb4e,pH,1.3,4.5,,,,
https://citeseerx.ist.psu.edu/document?repid=rep1&type=pdf&doi=3ce3798605c540624497ee857ed9d7332040fb4e,K,1.9,0.9,,,,
https://citeseerx.ist.psu.edu/document?repid=rep1&type=pdf&doi=3ce3798605c540624497ee857ed9d7332040fb4e,pH,3.1,5.8,,,,
https://citeseerx.ist.psu.edu/document?repid=rep1&type=pdf&doi=3ce3798605c540624497ee857ed9d7332040fb4e,Ca,4.5,1.3,,,,
https://citeseerx.ist.psu.edu/document?repid=rep1&type=pdf&doi=3ce3798605c540624497ee857ed9d7332040fb4e,Mg,5.9,1.3,,,,
https://citeseerx.ist.psu.edu/document?repid=rep1&type=pdf&doi=3ce3798605c540624497ee857ed9d7332040fb4e,pH,6.6,6.8,,,,
https://citeseerx.ist.psu.edu/document?repid=rep1&type=pdf&doi=3ce3798605c540624497ee857ed9d7332040fb4e,Cl,8.0,160.0,,,,
https://citeseerx.ist.psu.edu/document?repid=rep1&type=pdf&doi=3ce3798605c540624497ee857ed9d7332040fb4e,Na,810.0,1400.0,,,,
https://citeseerx.ist.psu.edu/document?repid=rep1&type=pdf&doi=3ce3798605c540624497ee857ed9d7332040fb4e,TIN,870.0,200.0,,,,
https://doi.org/10.2166/wqrj.2023.002,pH,7.5,8.0,3.5,7.0,,
https://doi.org/10.2166/wqrj.2023.003,pH,8.0,12.0,4.5,9.0,,
https://doi.org/10.2166/wqrj.2023.005,TDS,32000.0,5000.0,3400.0,13000.0,,
https://doi.org/10.2166/wqrj.2023.006,TDS,48000.0,15000.0,9000.0,20000.0,,
https://doi.org/10.2166/wqrj.2023.007,TDS,40000.0,10000.0,6200.0,16500.0,,
https://doi.org/10.2166/wqrj.2023.016,Cl,22500.0,4500.0,750.0,7750.0,,
https://doi.org/10.2166/wqrj.2023.018,S,,125.0,,90.0,,
https://doi.org/10.2166/wqrj.2023.022,Cr,,,45.0,140.0,,
https://doi.org/10.3389/fenvs.2021.721016,pH,7.2,,,,,
https://doi.org/10.3389/fenvs.2021.721021,COD,1185.5,,,,,
https://doi.org/10.3389/fenvs.2021.721023,TIN,29.61,,,,,
https://doi.org/10.3389/fenvs.2021.721034,Cr,11.73,,,,,
https://www.commissiemer.nl/docs/mer/diversen/bangladesh-eia-guidelines-assessment-effluent-treatment-plants2008.pdf,Cd,0.05,0.5,0.5,,,
https://www.commissiemer.nl/docs/mer/diversen/bangladesh-eia-guidelines-assessment-effluent-treatment-plants2008.pdf,Pb,0.1,0.1,0.1,,,
https://www.commissiemer.nl/docs/mer/diversen/bangladesh-eia-guidelines-assessment-effluent-treatment-plants2008.pdf,Cu,0.5,3.0,3.0,,,
https://www.commissiemer.nl/docs/mer/diversen/bangladesh-eia-guidelines-assessment-effluent-treatment-plants2008.pdf,Cr,0.6,2.0,2.0,,,
https://www.commissiemer.nl/docs/mer/diversen/bangladesh-eia-guidelines-assessment-effluent-treatment-plants2008.pdf,S,1.0,2.0,2.0,,,
https://www.commissiemer.nl/docs/mer/diversen/bangladesh-eia-guidelines-assessment-effluent-treatment-plants2008.pdf,Ni,1.0,1.0,1.0,,,
https://www.commissiemer.nl/docs/mer/diversen/bangladesh-eia-guidelines-assessment-effluent-treatment-plants2008.pdf,Fe,2.0,2.0,2.0,,,
https://www.commissiemer.nl/docs/mer/diversen/bangladesh-eia-guidelines-assessment-effluent-treatment-plants2008.pdf,Zn,5.0,10.0,10.0,,,
https://www.commissiemer.nl/docs/mer/diversen/bangladesh-eia-guidelines-assessment-effluent-treatment-plants2008.pdf,Mn,5.0,5.0,5.0,,,
https://www.commissiemer.nl/docs/mer/diversen/bangladesh-eia-guidelines-assessment-effluent-treatment-plants2008.pdf,pH,6.0,6.0,6.0,,,
https://www.commissiemer.nl/docs/mer/diversen/bangladesh-eia-guidelines-assessment-effluent-treatment-plants2008.pdf,pH,5.5,5.5,5.5,,,
https://www.commissiemer.nl/docs/mer/diversen/bangladesh-eia-guidelines-assessment-effluent-treatment-plants2008.pdf,P,8.0,8.0,10.0,,,
https://www.commissiemer.nl/docs/mer/diversen/bangladesh-eia-guidelines-assessment-effluent-treatment-plants2008.pdf,pH,9.0,9.0,9.0,,,
https://www.commissiemer.nl/docs/mer/diversen/bangladesh-eia-guidelines-assessment-effluent-treatment-plants2008.pdf,TIN,55.0,80.0,90.0,,,
https://www.commissiemer.nl/docs/mer/diversen/bangladesh-eia-guidelines-assessment-effluent-treatment-plants2008.pdf,COD,200.0,400.0,400.0,,,
https://www.commissiemer.nl/docs/mer/diversen/bangladesh-eia-guidelines-assessment-effluent-treatment-plants2008.pdf,Cl,600.0,600.0,600.0,,,
https://www.commissiemer.nl/docs/mer/diversen/bangladesh-eia-guidelines-assessment-effluent-treatment-plants2008.pdf,TDS,2100.0,2100.0,2100.0,,,
https://www.researchgate.net/profile/Muhammad_Nawaz18/publication/264231968_Effect_of_HRT_on_SBR_Performance_for_Treatability_of_Combined_Domestic_and_Textile_Wastewaters/links/53d2a4280cf228d363e94e03/Effect-of-HRT-on-SBR-Performance-for-Treatability-of-Combined-Domestic-and-Textile-Wastewaters.pdf,pH,8.5,,,,,
https://www.researchgate.net/profile/Muhammad_Nawaz18/publication/264231968_Effect_of_HRT_on_SBR_Performance_for_Treatability_of_Combined_Domestic_and_Textile_Wastewaters/links/53d2a4280cf228d363e94e03/Effect-of-HRT-on-SBR-Performance-for-Treatability-of-Combined-Domestic-and-Textile-Wastewaters.pdf,SO4,412.0,,,,,
https://www.researchgate.net/profile/Muhammad_Nawaz18/publication/264231968_Effect_of_HRT_on_SBR_Performance_for_Treatability_of_Combined_Domestic_and_Textile_Wastewaters/links/53d2a4280cf228d363e94e03/Effect-of-HRT-on-SBR-Performance-for-Treatability-of-Combined-Domestic-and-Textile-Wastewaters.pdf,COD,433.7,,,,,
https://www.researchgate.net/profile/Muhammad_Nawaz18/publication/264231968_Effect_of_HRT_on_SBR_Performance_for_Treatability_of_Combined_Domestic_and_Textile_Wastewaters/links/53d2a4280cf228d363e94e03/Effect-of-HRT-on-SBR-Performance-for-Treatability-of-Combined-Domestic-and-Textile-Wastewaters.pdf,Pb,456.0,,,,,
https://www.researchgate.net/profile/Muhammad_Nawaz18/publication/264231968_Effect_of_HRT_on_SBR_Performance_for_Treatability_of_Combined_Domestic_and_Textile_Wastewaters/links/53d2a4280cf228d363e94e03/Effect-of-HRT-on-SBR-Performance-for-Treatability-of-Combined-Domestic-and-Textile-Wastewaters.pdf,Cl,846.0,,,,,
https://www.researchgate.net/profile/Muhammad_Nawaz18/publication/264231968_Effect_of_HRT_on_SBR_Performance_for_Treatability_of_Combined_Domestic_and_Textile_Wastewaters/links/53d2a4280cf228d363e94e03/Effect-of-HRT-on-SBR-Performance-for-Treatability-of-Combined-Domestic-and-Textile-Wastewaters.pdf,TDS,2570.0,,,,,
https://doi.org/10.1016/j.watres.2014.03.064,Cr,0.21,0.08,0.25,0.11,,
https://doi.org/10.1016/j.watres.2014.03.064,Cd,0.27,0.11,0.14,0.1,,
https://doi.org/10.1016/j.watres.2014.03.064,Ni,2.0,2.4,1.1,2.7,,
https://doi.org/10.1016/j.watres.2014.03.064,Fe,3.3,1.6,2.7,2.9,,
https://doi.org/10.1016/j.watres.2014.03.064,P,10.08,11.15,9.32,19.02,,
https://doi.org/10.1016/j.watres.2014.03.064,pH,12.93,8.02,7.42,7.94,,
https://doi.org/10.1016/j.watres.2014.03.064,Mg,48.6,68.04,68.04,63.18,,
https://doi.org/10.1016/j.watres.2014.03.064,Ca,80.16,96.19,88.17,104.2,,
https://doi.org/10.1016/j.watres.2014.03.064,SO4,412.54,362.92,215.64,672.8,,
https://doi.org/10.1016/j.watres.2014.03.064,Cl,600.0,90.0,120.0,800.0,,
https://doi.org/10.1016/j.watres.2014.03.064,COD,813.0,532.0,320.0,925.0,,
https://doi.org/10.1016/j.watres.2014.03.064,K,858.0,975.0,624.0,1092.0,,
https://doi.org/10.1016/j.watres.2014.03.064,Na,1656.0,2944.0,3243.0,2852.0,,
https://doi.org/10.1016/j.watres.2014.03.064,TDS,4834.0,3252.0,2912.0,2976.0,,
https://doi.org/10.1016/j.jenvman.2018.07.057,Cd,0.88,,,,,
https://doi.org/10.1016/j.jenvman.2018.07.057,Al,2.5,,,,,
https://doi.org/10.1016/j.jenvman.2018.07.057,Ni,7.6,,,,,
https://doi.org/10.1016/j.jenvman.2018.07.057,pH,7.8,,,,,
https://doi.org/10.1016/j.jenvman.2018.07.057,Cr,9.7,,,,,
https://doi.org/10.1016/j.jenvman.2018.07.057,Fe,14.3,,,,,
https://doi.org/10.1016/j.jenvman.2018.07.057,P,16.4,,,,,
https://doi.org/10.1016/j.jenvman.2018.07.057,TIN,28.6,,,,,
https://doi.org/10.1016/j.jenvman.2018.07.057,Mg,65.0,,,,,
https://doi.org/10.1016/j.jenvman.2018.07.057,Ca,110.0,,,,,
https://doi.org/10.1016/j.jenvman.2018.07.057,K,242.0,,,,,
https://doi.org/10.1016/j.jenvman.2018.07.057,COD,493.0,,,,,
https://doi.org/10.1016/j.jenvman.2018.07.057,Cl,1382.0,,,,,
https://doi.org/10.1016/j.jenvman.2018.07.057,Na,1560.0,,,,,
https://doi.org/10.1016/j.jenvman.2018.07.057,TDS,5164.0,,,,,
https://doi.org/10.1016/j.cej.2009.03.023,Cd,0.88,,,,,
https://doi.org/10.1016/j.cej.2009.03.023,Ni,7.57,,,,,
https://doi.org/10.1016/j.cej.2009.03.023,pH,8.8,,,,,
https://doi.org/10.1016/j.cej.2009.03.023,Cr,9.67,,,,,
https://doi.org/10.1016/j.cej.2009.03.023,Fe,14.4,,,,,
https://doi.org/10.1016/j.cej.2009.03.023,P,16.4,,,,,
https://doi.org/10.1016/j.cej.2009.03.023,TIN,28.7,,,,,
https://doi.org/10.1016/j.cej.2009.03.023,SO4,311.0,,,,,
https://doi.org/10.1016/j.cej.2009.03.023,COD,513.0,,,,,
https://doi.org/10.1016/j.cej.2009.03.023,Cl,1383.0,,,,,
https://doi.org/10.1016/j.cej.2009.03.023,TDS,5251.0,,,,,
https://www.sciencedirect.com/science/article/pii/S1385894709001739,pH,3.4,,,,,
https://www.sciencedirect.com/science/article/pii/S1385894709001739,COD,4335.0,,,,,
https://www.sciencedirect.com/science/article/pii/S1385894709001739,TDS,92000.0,,,,,
https://doi.org/10.3329/bjsr.v29i1.29755,Zn,0.256,,,,,
https://doi.org/10.3329/bjsr.v29i1.29755,Cu,0.27,,,,,
https://doi.org/10.14233/ajchem.2013.15909A,pH,12.9,,,,,
https://doi.org/10.14233/ajchem.2013.15909A,K,44.83,,,,,
https://doi.org/10.14233/ajchem.2013.15909A,Cl,63.91,,,,,
https://doi.org/10.14233/ajchem.2013.15909A,COD,225.084,,,,,
https://doi.org/10.14233/ajchem.2013.15909A,Na,697.6,,,,,
https://doi.org/10.3329/bjsr.v29i1.29755,pH,7.28,,,,,
https://doi.org/10.3329/bjsr.v29i1.29755,TDS,23640.0,,,,,
https://doi.org/10.3329/bjsr.v29i1.29755,COD,9600.0,,,,,
https://doi.org/10.3329/bjsr.v29i1.29755,Cl,1500.0,,,,,
https://doi.org/10.3329/bjsr.v29i1.29755,Fe,26.8,,,,,
https://doi.org/10.3329/jesnr.v7i1.22180,pH,8.11,,,,,
https://doi.org/10.3329/jesnr.v7i1.22180,pH,8.35,,,,,
https://doi.org/10.3329/jesnr.v7i1.22180,TDS,6955.0,,,,,
https://doi.org/10.3329/jesnr.v7i1.22180,TDS,7285.0,,,,,
https://doi.org/10.3329/jesnr.v7i1.22180,TDS,7120.0,,,,,
https://doi.org/10.3329/jesnr.v7i1.22180,COD,1343.0,,,,,
https://doi.org/10.3329/jesnr.v7i1.22180,K,973.0,,,,,
https://doi.org/10.3329/jesnr.v7i1.22180,Fe,3.41,,,,,
https://doi.org/10.3329/jesnr.v7i1.22180,Cu,0.09,,,,,
https://doi.org/10.3329/jesnr.v7i1.22180,Zn,2.3,,,,,
https://doi.org/10.3329/jesnr.v7i1.22180,Mn,0.17,,,,,
https://doi.org/10.3329/jesnr.v7i1.22180,Pb,0.02,,,,,
https://doi.org/10.1016/j.mrrev.2004.08.003,pH,8.25,,,,,
https://doi.org/10.1016/j.mrrev.2004.08.003,TDS,5884.0,,,,,
https://doi.org/10.1016/j.mrrev.2004.08.003,TDS,12754.0,,,,,
https://doi.org/10.1016/j.mrrev.2004.08.003,TDS,9319.0,,,,,
https://doi.org/10.1016/j.mrrev.2004.08.003,COD,7110.0,,,,,
https://www.textilepact.net/wp-content/uploads/2019/12/an_analysis_of_industrial_water.pdf,Cd,0.0056,,,,,
https://www.textilepact.net/wp-content/uploads/2019/12/an_analysis_of_industrial_water.pdf,Cu,0.147,,,,,
https://www.textilepact.net/wp-content/uploads/2019/12/an_analysis_of_industrial_water.pdf,Zn,0.378,,,,,
https://www.textilepact.net/wp-content/uploads/2019/12/an_analysis_of_industrial_water.pdf,Cr,0.744,,,,,
https://www.textilepact.net/wp-content/uploads/2019/12/an_analysis_of_industrial_water.pdf,Mg,3.0,,,,,
https://www.textilepact.net/wp-content/uploads/2019/12/an_analysis_of_industrial_water.pdf,pH,6.93,,,,,
https://www.textilepact.net/wp-content/uploads/2019/12/an_analysis_of_industrial_water.pdf,Ca,14.0,,,,,
https://www.textilepact.net/wp-content/uploads/2019/12/an_analysis_of_industrial_water.pdf,Na,40.0,,,,,
https://www.textilepact.net/wp-content/uploads/2019/12/an_analysis_of_industrial_water.pdf,TDS,734.0,,,,,
https://www.textilepact.net/wp-content/uploads/2019/12/an_analysis_of_industrial_water.pdf,Cl,976.25,,,,,
https://www.textilepact.net/wp-content/uploads/2019/12/an_analysis_of_industrial_water.pdf,K,1125.0,,,,,
https://www.textilepact.net/wp-content/uploads/2019/12/an_analysis_of_industrial_water.pdf,COD,1630.944,,,,,
https://www.textilepact.net/wp-content/uploads/2019/12/an_analysis_of_industrial_water.pdf,TIN,2198.57,,,,,
https://www.trjfas.org/abstract.php?id=319,pH,7.73,,,,,
https://www.trjfas.org/abstract.php?id=319,pH,8.01,,,,,
https://www.trjfas.org/abstract.php?id=319,TDS,7007.0,,,,,
https://www.trjfas.org/abstract.php?id=319,TDS,7349.0,,,,,
https://www.trjfas.org/abstract.php?id=319,TDS,7178.0,,,,,
https://www.trjfas.org/abstract.php?id=319,Fe,25.3,,,,,
https://www.trjfas.org/abstract.php?id=319,Cu,1.5,,,,,
https://www.trjfas.org/abstract.php?id=319,Cr,0.36,,,,,
https://www.trjfas.org/abstract.php?id=319,Cd,0.2,,,,,
https://doi.org/10.1007/s11814-016-0351-8,pH,7.31,,,,,
https://doi.org/10.1007/s11814-016-0351-8,TDS,2700.0,,,,,
https://doi.org/10.1007/s11814-016-0351-8,COD,2240.0,,,,,
